"measure","description"
"meas.ssr_history_success_count","Calculates the number of success count for successful records."
"meas.ssr_history_success_rate","Calculates the number of success rate."
"meas.ssr_history_rev_churned_count","Calculates the number of revenue churned count."
"meas.ssr_history_rev_churned_amt","Calculates the number of revenue churned amount."
"meas.ssr_history_rev_new_count","Calculates the number of revenue new count."
"meas.ssr_history_rev_retained_amt","Calculates the number of revenue retained amount."
"meas.ssr_history_rev_retained_count","Calculates the number of revenue retained count."
"meas.ssr_history_rev_new_amt","Calculates the number of revenue new amount."
"meas.ssr_history_rev_ending_count","Calculates the number of revenue ending count."
"meas.ssr_history_rev_starting_amount","Calculates the number of revenue starting amount."
"meas.ssr_history_touched_accounts","Calculates the number of touched accounts where step is Prospecting."
"meas.ssr_history_acct_count_untouched","Calculates the number of accounts in Untouched where step is Untouched."
"meas.ssr_history_rev_churned_avg_age_months","Calculates the number of revenue churned average age months."
"meas.ssr_history_rev_cagr","Summarizes revenue cagr."
"meas.ssr_history_rev_period_growth_rate","Summarizes revenue period growth rate."
"meas.ssr_history_rev_retained_avg_acct_amt","Returns revenue retained average account amount."
"meas.ssr_history_rev_retained_avg_acct_age","Calculates the number of revenue retained average account age."
"meas.ssr_history_rev_new_growth_rate","Returns revenue new growth rate."
"meas.ssr_history_rev_churned_rate","Returns revenue churned rate."
"meas.ssr_history_rev_acct_ltv","Returns revenue account ltv."
"meas.ssr_history_rev_starting_count","Calculates the number of revenue starting count."
"meas.ssr_history_duration_hrs_post_sales","Summarizes duration hours post sales where step is Post-Sales Support."
"meas.ssr_history_duration_hrs_per_acct_prospecting","Average duration hours per touched account."
"meas.ssr_history_success_prob_avg","Returns the average success probability average."
"meas.ssr_history_success_prob_avg_prospecting","Returns the average success probability average prospecting where step is Prospecting."
"meas.ssr_history_touched_accounts_rate","Calculates touched accounts rate in the current reporting context."
"meas.ssr_history_success_count_prospecting","Calculates the number of success count prospecting where step is Prospecting, successful records."
"meas.ssr_history_success_rate_prospecting","Calculates success rate prospecting in the current reporting context."
"meas.ssr_history_acct_count_prospecting","Calculates the number of accounts in the Prospecting step within the current reporting context."
"meas.ssr_history_acct_count_new_logo","Calculates the number of accounts in New Logo Selling where step is New Logo Selling."
"meas.ssr_history_acct_count_post_sales","Calculates the number of accounts in Post-Sales Support where step is Post-Sales Support."
"meas.ssr_history_acct_count_existing_customer_selling","Calculates the number of accounts in Existing Customer Selling where step is Existing Customer Selling."
"meas.ssr_history_duration_hrs_new_logo","Summarizes duration hours new logo where step is New Logo Selling."
"meas.ssr_history_duration_hrs_existing_customer_selling","Calculates duration hours existing customer selling in the current reporting context."
"meas.ssr_history_duration_hrs_per_acct_new_logo","Average duration hours per touched account."
"meas.ssr_history_duration_hrs_per_acct_post_sales","Calculates duration hours per account post sales in the current reporting context."
"meas.ssr_history_duration_hrs_per_acct_existing_customer_selling","Calculates duration hours per account existing customer selling in the current reporting context."
"meas.ssr_history_success_count_existing_customer_selling","Calculates the number of success count existing customer selling where step is Existing Customer Selling, successful records."
"meas.ssr_history_success_count_post_sales","Calculates the number of success count post sales where step is Post-Sales Support, successful records."
"meas.ssr_history_success_count_new_logo","Calculates the number of success count new logo where step is New Logo Selling, successful records."
"meas.ssr_history_success_prob_avg_new_logo","Returns the average success probability average new logo where step is New Logo Selling."
"meas.ssr_history_success_prob_avg_post_sales","Returns the average success probability average post sales where step is Post-Sales Support."
"meas.ssr_history_success_prob_avg_existing_customer_selling","Returns the average success probability average existing customer selling where step is Existing Customer Selling."
"meas.ssr_history_duration_hrs_prospecting","Summarizes duration hours prospecting where step is Prospecting."
"meas.ssr_history_success_rate_new_logo","Calculates success rate new logo in the current reporting context."
"meas.ssr_history_success_rate_existing_customer_selling","Calculates success rate existing customer selling in the current reporting context."
"meas.ssr_history_success_rate_post_sales","Calculates success rate post sales in the current reporting context."
"meas.ssr_history_accts_per_rep","Calculates the number of accounts per rep."
"meas.ssr_history_accts_per_rep_prospecting","Calculates accounts per rep prospecting in the current reporting context."
"meas.ssr_history_accts_per_rep_new_logo","Average number of accounts per rep."
"meas.ssr_history_accts_per_rep_post_sales","Average number of accounts per rep."
"meas.ssr_history_accts_per_rep_existing_customer_selling","Average number of accounts per rep."
"meas.ssr_history_success_rate_untouched","Calculates success rate untouched in the current reporting context."
"meas.ssr_history_duration_hrs_per_acct","Average duration hours per touched account."
"meas.ssr_history_duration_hrs","Returns duration hours."
"meas.ssr_history_success_prob_avg_combined_prospecting_new_logo","Calculates success probability average combined prospecting new logo in the current reporting context."
"meas.ssr_history_reps_new_logo","Calculates reps new logo in the current reporting context."
"meas.ssr_history_reps_prospecting","Calculates reps prospecting in the current reporting context."
"meas.ssr_history_reps_post_sales","Calculates reps post sales in the current reporting context."
"meas.ssr_history_reps_existing_customer_selling","Calculates reps existing customer selling in the current reporting context."
"meas.ssr_history_success_prob_avg_combined_post_sales_existing_customer_selling","Calculates success probability average combined post sales existing customer selling in the current reporting context."
"meas.ssr_history_existing_customer_selling_annual_purchases_acct","Returns existing customer selling annual purchases account."
"meas.ssr_history_success_rate_combined_post_sales_existing_customer_selling","Calculates success rate combined post sales existing customer selling in the current reporting context."
"meas.ssr_history_success_rate_combined_prospecting_new_logo","Calculates success rate combined prospecting new logo in the current reporting context."
"meas.ssr_history_rev_ending_amt","Calculates the number of revenue ending amount."
"meas.ssr_history_rev_prev_date","Calculates the number of revenue prev date."
"meas.ssr_history_rev_retention_rate","Returns revenue retention rate."
"meas.ssr_history_leads_mkt_gen","Calculates leads mkt gen in the current reporting context."
"meas.ssr_history_leads_mkt_gen_probability_of_conversion","Returns the average leads mkt generation probability of conversion where step is Untouched."
"meas.ssr_history_leads_mkt_gen_vi_vc","Summarizes leads mkt generation vi vc where step is Lead Gen."
"meas.ssr_history_leads_sales_gen_probability_of_conversion","Returns the average leads sales generation probability of conversion where step is Untouched."
"meas.ssr_history_leads_sales_gen_vi_vc","Summarizes leads sales generation vi vc where step is Lead Gen."
"meas.ssr_history_leads_inbound","Calculates the number of leads inbound where step is Lead Gen."
"meas.ssr_history_leads_outbound","Calculates the number of leads outbound where step is Lead Gen."
"meas.ssr_history_leads_inbound_probability_of_conversion","Returns the average leads inbound probability of conversion where step is Untouched."
"meas.ssr_history_leads_inbound_vi_vc","Summarizes leads inbound vi vc where step is Lead Gen."
"meas.ssr_history_leads_outbound_probability_of_conversion","Returns the average leads outbound probability of conversion where step is Untouched."
"meas.ssr_history_leads_outbound_vi_vc","Summarizes leads outbound vi vc where step is Lead Gen."
"meas.ssr_history_vi_value_created_per_hr","Summarizes vi value created per hr."
"meas.ssr_history_duration_hrs_per_step","Returns the average duration hours per step."
"meas.ssr_history_vi_value_created_per_rep","Calculates vi value created per rep in the current reporting context."
"meas.ssr_history_duration_hrs_rep_week","Calculates duration hours rep week in the current reporting context."
"meas.ssr_history_reps","Calculates reps in the current reporting context."
"meas.ssr_history_open_pipeline_amount_eop","Summarizes open pipeline amount end of period."
"meas.ssr_history_open_pipeline_count_eop","Calculates the number of open pipeline count end of period."
"meas.ssr_history_step_cycle_avg","Returns the average step cycle average."
"meas.ssr_history_step_cycle_avg_success","Returns the average step cycle average success for successful records."
"meas.ssr_history_step_cycle_avg_failure","Returns the average step cycle average failure."
"meas.ssr_history_success_rate_sply","Calculates the number of success rate same period last year."
"meas.ssr_history_success_count_sply","Calculates the number of success count same period last year for successful records."
"meas.ssr_history_rev_avg_won_amt","Returns the average revenue average won amount."
"meas.ssr_history_open_pipeline_win_rate","Returns open pipeline win rate."
"meas.ssr_history_step_count","Calculates the number of step count."
"meas.ssr_history_step_count_sply","Calculates the number of step count same period last year."
"meas.ssr_history_step_cycle_initially_expected","Returns the average step cycle initially expected."
"meas.ssr_history_propensity_highest_count","Calculates the number of propensity highest count."
"meas.ssr_history_propensity_high_count","Calculates the number of propensity high count."
"meas.ssr_history_propensity_mid_count","Calculates the number of propensity mid count."
"meas.ssr_history_propensity_low_count","Calculates the number of propensity low count."
"meas.ssr_history_propensity_lowest_count","Calculates the number of propensity lowest count."
"meas.ssr_history_duration_hrs_per_prior_step","Calculates the number of duration hours per prior step."
"meas.ssr_history_failure_lost_stage_early_count","Calculates the number of failure lost stage early count."
"meas.ssr_history_failure_lost_stage_late_count","Calculates the number of failure lost stage late count."
"meas.ssr_history_failure_lost_stage_mid_count","Calculates the number of failure lost stage mid count."
"meas.ssr_history_all_activity_engagement_rate","Calculates all activity engagement rate in the current reporting context."
"meas.ssr_history_all_phone_call_avg_count","Calculates all phone call average count in the current reporting context."
"meas.ssr_history_all_phone_call_engagement_rate","Calculates all phone call engagement rate in the current reporting context."
"meas.ssr_history_all_email_avg_count","Calculates all email average count in the current reporting context."
"meas.ssr_history_all_social_media_avg_count","Calculates all social media average count in the current reporting context."
"meas.ssr_history_all_meeting_avg_count","Calculates all meeting average count in the current reporting context."
"meas.ssr_history_all_email_engagement_rate","Calculates all email engagement rate in the current reporting context."
"meas.ssr_history_all_social_media_engagement_rate","Calculates all social media engagement rate in the current reporting context."
"meas.ssr_history_all_meeting_engagement_rate","Calculates all meeting engagement rate in the current reporting context."
"meas.ssr_history_stakeholders_title_function_most_common","Helper measure used for internal calculations, dynamic formatting, or visual behavior."
"meas.ssr_history_stakeholders_title_level_most_common","Helper measure used for internal calculations, dynamic formatting, or visual behavior."
"meas.ssr_history_stakeholders_title_function_most_common_portion","Helper measure used for internal calculations, dynamic formatting, or visual behavior."
"meas.ssr_history_stakeholders_title_level_most_common_portion","Helper measure used for internal calculations, dynamic formatting, or visual behavior."
"meas.ssr_history_stakeholders_title_function_second_common","Helper measure used for internal calculations, dynamic formatting, or visual behavior."
"meas.ssr_history_stakeholders_title_level_second_common","Helper measure used for internal calculations, dynamic formatting, or visual behavior."
"meas.ssr_history_stakeholders_title_function_second_common_portion","Helper measure used for internal calculations, dynamic formatting, or visual behavior."
"meas.ssr_history_stakeholders_title_level_second_common_portion","Helper measure used for internal calculations, dynamic formatting, or visual behavior."
"meas.ssr_history_row_filler","Returns row filler."
"meas.ssr_history_stakeholders_title_level__most_common_highest","Helper measure used for internal calculations, dynamic formatting, or visual behavior."
"meas.ssr_history_stakeholders_title_level__most_common_highest_portion","Helper measure used for internal calculations, dynamic formatting, or visual behavior."
"meas.ssr_history_duration_prior_step_hrs","Calculates duration prior step hours in the current reporting context."
"meas.ssr_history_duration_hrs_prosp_new_logo","Returns duration hours prosp new logo."
"meas.ssr_history_duration_hrs_post_sales_existing_customer_selling","Returns duration hours post sales existing customer selling."
"meas.ssr_history_leads","Calculates the number of leads where step is Lead Gen."
"meas.ssr_history_success_count_untouched","Calculates the number of success count untouched where step is Untouched, successful records."
"meas.ssr_history_success_count_lead_gen","Calculates the number of success count lead generation where step is Untouched, successful records."
"meas.ssr_history_success_count_for_new_logo_and_existing_customer_selling","Returns success count for new logo and existing customer selling."
"meas.ssr_history_success_rate_combined_new_logo_and_existing_customer_selling","Returns success rate combined new logo and existing customer selling."
"meas.ssr_history_rev_ending_avg_acct_amt","Calculates revenue ending average account amount in the current reporting context."
"meas.ssr_history_rev_ending_max_acct_amt","Summarizes revenue ending max account amount."
"meas.ssr_history_rev_pareto_count","Summarizes revenue pareto count."
"meas.ssr_history_rev_pareto_count_tot","Summarizes revenue pareto count total."
"meas.ssr_history_rev_pareto_percentage","Calculates revenue pareto percentage in the current reporting context."
"meas.ssr_history_rev_pareto_percentage_remaining","Calculates revenue pareto percentage remaining in the current reporting context."
"meas.ssr_history_rep_users_avg","Returns the average rep users average."
"meas.ssr_history_pipeline_amt_user_eop_avg","Calculates pipeline amount user eop average in the current reporting context."
"meas.ssr_history_accts_per_rep_new_business","Average number of accounts per rep in Untouched + Prospecting + New Logo Selling."
"meas.ssr_history_accts_per_rep_existing_business","Average number of accounts per rep in Post-Sales Support + Existing Customer Selling."
"meas.ssr_history_accts_per_rep_new_business_sold_to","Average number of won accounts per rep in Untouched + Prospecting + New Logo Selling."
"meas.ssr_history_accts_per_rep_new_business_won","Average number of won accounts per rep in Untouched + Prospecting + New Logo Selling."
"meas.ssr_history_accts_per_rep_new_business_prospected_to","Average number of won accounts per rep in Untouched + Prospecting + New Logo Selling."
"meas.ssr_history_accts_per_rep_existing_business_supported","Average number of won accounts per rep in Post-Sales Support + Existing Customer Selling."
"meas.ssr_history_accts_per_rep_existing_business_upsold_to","Average number of won accounts per rep in Post-Sales Support + Existing Customer Selling."
"meas.ssr_history_accts_per_rep_existing_business_won","Average number of won accounts per rep in Post-Sales Support + Existing Customer Selling."
"meas.ytd_sales","Summarizes year-to-date sales."
"meas.ssr_history_step_success_count_true","Calculates step success count true in the current reporting context."
"meas.ssr_history_step_success_count_false","Calculates step success count false in the current reporting context."
"meas.ssr_history_success_prob_avg_combined_prospecting_post_sales_support","Returns the average success probability average combined prospecting post sales support where step is Prospecting or Post-Sales Support."
"meas.ssr_history_success_prob_avg_combined_prospecting_post_sales_support_sply","Returns success probability average combined prospecting post sales support same period last year."
"meas.ssr_history_leads_gen_vi_vc","Summarizes leads generation vi vc where step is Lead Gen."
"meas.ssr_history_leads_probability_of_conversion","Returns the average leads probability of conversion where step is Lead Gen, step Prospecting."
"meas.ssr_history_leads_touched","Calculates leads touched in the current reporting context."
"meas.ssr_history_leads_touched_ratio","Calculates leads touched ratio in the current reporting context."
"meas.ssr_history_leads_touched_avg_days","Calculates leads touched average days in the current reporting context."
"meas.ssr_history_is_open_pipeline","Returns total open pipeline amount as of the selected as-of date where step is New Logo Selling or Existing Customer Selling."
"meas.ssr_history_asof_open_pipeline_win_prob","Returns total open pipeline amount as of the selected as-of date where step is New Logo Selling or Existing Customer Selling."
"meas.ssr_history_asof_open_pipeline_count","Returns the number of opportunities that are open as of the selected as-of date where step is New Logo Selling or Existing Customer Selling."
"meas.ssr_history_asof_open_pipeline_amt","Returns total open pipeline amount as of the selected as-of date where step is New Logo Selling or Existing Customer Selling."
"meas.ssr_history_asof_open_pipeline_adj_amt","Returns total open pipeline amount as of the selected as-of date where step is New Logo Selling or Existing Customer Selling."
"meas.ssr_history_asof_open_pipeline_age","Returns total open pipeline amount as of the selected as-of date where step is New Logo Selling or Existing Customer Selling."
"meas.ssr_history_asof_open_pipeline_days_pushed","Returns total open pipeline amount as of the selected as-of date where step is New Logo Selling or Existing Customer Selling."
"meas.ssr_history_asof_open_pipeline_count_sply_diff","Returns asof open pipeline count same period last year difference."
"meas.ssr_history_asof_open_pipeline_count_sply","Returns the number of opportunities that are open as of the selected as-of date in the same period last year where step is New Logo Selling or Existing Customer Selling."
"meas.ssr_history_asof_open_pipeline_amt_sply","Returns total open pipeline amount as of the selected as-of date in the same period last year where step is New Logo Selling or Existing Customer Selling."
"meas.ssr_history_asof_open_pipeline_age_sply","Returns total open pipeline amount as of the selected as-of date in the same period last year where step is New Logo Selling or Existing Customer Selling."
"meas.ssr_history_asof_open_pipeline_adj_amt_sply","Returns total open pipeline amount as of the selected as-of date in the same period last year where step is New Logo Selling or Existing Customer Selling."
"meas.ssr_history_asof_open_pipeline_days_pushed_sply","Returns total open pipeline amount as of the selected as-of date in the same period last year where step is New Logo Selling or Existing Customer Selling."
"meas.ssr_history_asof_open_pipeline_win_prob_sply","Returns total open pipeline amount as of the selected as-of date in the same period last year where step is New Logo Selling or Existing Customer Selling."
"meas.ssr_history_asof_open_pipeline_win_prob_sply_diff","Returns asof open pipeline win probability same period last year difference."
"meas.ssr_history_asof_open_pipeline_adj_amt_sply_diff","Returns asof open pipeline adjusted amount same period last year difference."
"meas.ssr_history_asof_open_pipeline_age_sply_diff","Returns asof open pipeline age same period last year difference."
"meas.ssr_history_asof_open_pipeline_amt_sply_diff","Returns asof open pipeline amount same period last year difference."
"meas.ssr_history_asof_open_pipeline_days_pushed_sply_diff","Returns asof open pipeline days pushed same period last year difference."
"meas.opps_asof_open_pipeline_count","Returns the number of opportunities that are open as of the selected as-of date."
"meas.ssr_history_won_amt","Calculates won amount in the current reporting context."
"meas.ssr_history_booking_amt","Summarizes booking amount."
"meas.ssr_history_pipeline_amt","Summarizes pipeline amount."
"meas.exp_rpts_all_won_amt","Calculates won amount across successful New Logo Selling and Existing Customer Selling records within the current reporting context. Used to evaluate sales performance across teams, reps, stages, or periods."
"meas.exp_rpts_all_won_deals","Calculates the number of successful won deals across New Logo Selling and Existing Customer Selling steps within the current reporting context. Used to evaluate sales performance across teams, reps, stages, or periods."
"meas.exp_rpts_last_year_won_amt","Calculates won amount across successful New Logo Selling and Existing Customer Selling records for Last Year. Used to compare sales performance across reporting periods."
"meas.exp_rpts_all_closed_deals","Calculates the number of closed deals across New Logo Selling and Existing Customer Selling steps within the current reporting context. Used to evaluate sales performance across teams, reps, stages, or periods."
"meas.exp_rpts_all_expected_win_rate","Calculates the average expected win probability across New Logo Selling and Existing Customer Selling steps within the current reporting context. Used to evaluate sales performance across teams, reps, stages, or periods."
"meas.exp_rpts_all_new_logo_won_amt","Calculates won amount for successful New Logo Selling records within the current reporting context. Used to evaluate sales performance across teams, reps, stages, or periods."
"meas.exp_rpts_all_new_logo_won_deals","Calculates the number of successful won deals in New Logo Selling within the current reporting context. Used to evaluate sales performance across teams, reps, stages, or periods."
"meas.exp_rpts_all_pipeline_amt","Calculates pipeline amount for successful Prospecting and Post-Sales Support records within the current reporting context. Used to evaluate sales performance across teams, reps, stages, or periods."
"meas.exp_rpts_all_lead_gen","Calculates the number of successful Lead Generation records within the current reporting context. Used to evaluate sales performance across teams, reps, stages, or periods."
"meas.exp_rpts_last_year_won_deals","Calculates the number of successful won deals across New Logo Selling and Existing Customer Selling steps for Last Year. Used to compare sales performance across reporting periods."
"meas.exp_rpts_last_year_closed_deals","Calculates the number of closed deals across New Logo Selling and Existing Customer Selling steps for Last Year. Used to compare sales performance across reporting periods."
"meas.exp_rpts_last_year_expected_win_rate","Calculates the average expected win probability across New Logo Selling and Existing Customer Selling steps for Last Year. Used to compare sales performance across reporting periods."
"meas.exp_rpts_last_year_new_logo_won_amt","Calculates won amount for successful New Logo Selling records for Last Year. Used to compare sales performance across reporting periods."
"meas.exp_rpts_last_year_new_logo_won_deals","Calculates the number of successful won deals in New Logo Selling for Last Year. Used to compare sales performance across reporting periods."
"meas.exp_rpts_last_year_pipeline_amt","Calculates pipeline amount for successful Prospecting and Post-Sales Support records for Last Year. Used to compare sales performance across reporting periods."
"meas.exp_rpts_last_year_lead_gen","Calculates the number of successful Lead Generation records for Last Year. Used to compare sales performance across reporting periods."
"meas.exp_rpts_prior_to_last_year_won_deals","Calculates the number of successful won deals across New Logo Selling and Existing Customer Selling steps for Prior to Last Year. Used to compare sales performance across reporting periods."
"meas.exp_rpts_prior_to_last_year_closed_deals","Calculates the number of closed deals across New Logo Selling and Existing Customer Selling steps for Prior to Last Year. Used to compare sales performance across reporting periods."
"meas.exp_rpts_prior_to_last_year_expected_win_rate","Calculates the average expected win probability across New Logo Selling and Existing Customer Selling steps for Prior to Last Year. Used to compare sales performance across reporting periods."
"meas.exp_rpts_prior_to_last_year_new_logo_won_amt","Calculates won amount for successful New Logo Selling records for Prior to Last Year. Used to compare sales performance across reporting periods."
"meas.exp_rpts_prior_to_last_year_new_logo_won_deals","Calculates the number of successful won deals in New Logo Selling for Prior to Last Year. Used to compare sales performance across reporting periods."
"meas.exp_rpts_prior_to_last_year_pipeline_amt","Calculates pipeline amount for successful Prospecting and Post-Sales Support records for Prior to Last Year. Used to compare sales performance across reporting periods."
"meas.exp_rpts_prior_to_last_year_lead_gen","Calculates the number of successful Lead Generation records for Prior to Last Year. Used to compare sales performance across reporting periods."
"meas.exp_rpts_prior_to_last_year_won_amt","Calculates won amount across successful New Logo Selling and Existing Customer Selling records for Prior to Last Year. Used to compare sales performance across reporting periods."
"meas.exp_rpts_current_year_won_deals","Calculates the number of successful won deals across New Logo Selling and Existing Customer Selling steps for Current Year. Used to compare sales performance across reporting periods."
"meas.exp_rpts_current_year_closed_deals","Calculates the number of closed deals across New Logo Selling and Existing Customer Selling steps for Current Year. Used to compare sales performance across reporting periods."
"meas.exp_rpts_current_year_expected_win_rate","Calculates the average expected win probability across New Logo Selling and Existing Customer Selling steps for Current Year. Used to compare sales performance across reporting periods."
"meas.exp_rpts_current_year_new_logo_won_amt","Calculates won amount for successful New Logo Selling records for Current Year. Used to compare sales performance across reporting periods."
"meas.exp_rpts_current_year_new_logo_won_deals","Calculates the number of successful won deals in New Logo Selling for Current Year. Used to compare sales performance across reporting periods."
"meas.exp_rpts_current_year_pipeline_amt","Calculates pipeline amount for successful Prospecting and Post-Sales Support records for Current Year. Used to compare sales performance across reporting periods."
"meas.exp_rpts_current_year_lead_gen","Calculates the number of successful Lead Generation records for Current Year. Used to compare sales performance across reporting periods."
"meas.exp_rpts_current_year_won_amt","Calculates won amount across successful New Logo Selling and Existing Customer Selling records for Current Year. Used to compare sales performance across reporting periods."
"meas.ssr_history_vi_value_created","Summarizes vi value created."
"meas.ssr_history_pipeline_post_sales_amt","Summarizes pipeline post sales amount where step is Post-Sales Support."
"meas.ssr_history_pipeline_prospecting_amt","Summarizes pipeline prospecting amount where step is Prospecting."
"meas.ssr_history_pipeline_post_sales_renewals_amt","Summarizes pipeline post sales renewals amount where step is Post-Sales Support."
"meas.ssr_history_pipeline_post_sales_expansion_sale_amt","Summarizes pipeline post sales expansion sale amount where step is Post-Sales Support."
"meas.ssr_history_avg_won_amt","Returns the average average won amount for successful records."
"meas.ssr_history_avg_booking_amt","Calculates average booking amount in the current reporting context."
"meas.ssr_history_avg_won_new_logo_amt","Returns the average average won new logo amount where step is New Logo Selling, successful records."
"meas.ssr_history_avg_won_existing_customer_selling_amt","Returns the average average won existing customer selling amount where step is Existing Customer Selling, successful records."
"meas.ssr_history_lost_amt","Returns the average lost amount where step is New Logo Selling or Existing Customer Selling."
"meas.ssr_history_table_row_count","Calculates table row count in the current reporting context."
"OLD.meas.ssr_history_duration_hrs_per_step","Calculates OLD.meas.ssr history duration hours per step in the current reporting context."
"meas.ssr_history_stakeholders_most_common_first_act","Redundant measure - slated for depreciation."
"meas.ssr_history_won_amt_new_logo","Summarizes won amount new logo where step is New Logo Selling."
"meas.ssr_history_won_amt_existing_customer_selling","Summarizes won amount existing customer selling where step is Existing Customer Selling."
"meas.ssr_history_rev_avg_won_amt_new_logo","Returns the average revenue average won amount new logo where step is New Logo Selling."
"meas.ssr_history_rev_avg_won_amt_existing_customer_selling","Returns the average revenue average won amount existing customer selling where step is Existing Customer Selling."
"meas.ssr_history_adj_dur_conf","Calculates adjusted duration confidence in the current reporting context."
"meas.ssr_history_active_list_reps_count","Calculates active list reps count in the current reporting context."
"meas.ssr_history_active_tot_open_pipeline_amt","Calculates active total open pipeline amount in the current reporting context."
"meas.ssr_history_active_opps_count","Calculates the number of active opportunities count."
"meas.ssr_history_active_user_booking_amt_mtd","Returns active user booking amount month-to-date where step is Existing Customer Selling or New Logo Selling, successful records."
"meas.ssr_history_active_user_booking_amt_qtd","Returns active user booking amount quarter-to-date where step is Existing Customer Selling or New Logo Selling, successful records."
"meas.ssr_history_active_user_booking_amt_ytd","Returns active user booking amount year-to-date where step is Existing Customer Selling or New Logo Selling, successful records."
"meas.ssr_history_active_deal_size","Summarizes active deal size."
"meas.ssr_history_active_avg_sales_cycle","Returns the average active average sales cycle."
"meas.ssr_history_active_open_pipe_amt","Calculates active open pipe amount in the current reporting context."
"meas.active_list_owner_user_role_aliased","Helper measure used for internal calculations, dynamic formatting, or visual behavior."
"meas.ssr_history_active_user_full_name_role_group","Returns active user full name role group."
"meas.user_history_active_hire_date","Returns user history active hire date."
"meas.ssr_history_active_deals_count","Calculates the number of active deals count."
"meas.manager_direct_active_mgr_full_name","Calculates manager direct active mgr full name in the current reporting context."
"meas.ssr_history_active_user_pipeline_amt_qtd","Returns active user pipeline amount quarter-to-date where step is Prospecting or Post-Sales Support, successful records."
"meas.ssr_history_active_user_pipeline_amt_mtd","Returns active user pipeline amount month-to-date where step is Prospecting or Post-Sales Support, successful records."
"meas.ssr_history_active_user_pipeline_amt_ytd","Returns active user pipeline amount year-to-date where step is Prospecting or Post-Sales Support, successful records."
"meas.ssr_history_duration_hrs_rep_day","Calculates duration hours rep day in the current reporting context."
"meas.ssr_history_success_count_new_logo_pros","Calculates success count new logo pros in the current reporting context."
"meas.ssr_history_step_count_prospecting","Calculates the number of step count prospecting where step is Prospecting."
"meas.ssr_history_ssr_id_count","Calculates ssr id count in the current reporting context."
"meas.ssr_history_leads_avg_mkt_sales_probability_of_conversion","Calculates leads average mkt sales probability of conversion in the current reporting context."
"meas.ssr_history_unique_reps_count","Calculates unique reps count in the current reporting context."
"meas.ssr_history_unique_reps_avg_count","Calculates unique reps average count in the current reporting context."
"meas.ssr_history_all_reps_count","Calculates all reps count in the current reporting context."
"meas.ssr_history_duration_hrs_per_acct_post_sales_existing_customer_selling","Calculates duration hours per account post sales existing customer selling in the current reporting context."
"meas.ssr_history_duration_hrs_per_acct_prospect_new_logo","Calculates duration hours per account prospect new logo in the current reporting context."
"meas.users_spent_avg_dur_hr_mtd","Returns the average users spent average duration hr month-to-date."
"meas.users_spent_avg_eng_dur_hr_mtd","Returns the average users spent average eng duration hr month-to-date."
"meas.users_spent_weekly_avg_non_eng_dur_hr_mtd","Calculates users spent weekly average non eng duration hr month-to-date in the current reporting context."
"meas.users_weekly_avg_dur_hr_mtd","Returns the average users weekly average duration hr month-to-date."
"meas.users_weekly_avg_eng_dur_hr_mtd","Returns the average users weekly average eng duration hr month-to-date."
"meas.users_weekly_avg_dur_hr_qtd","Returns the average users weekly average duration hr quarter-to-date."
"meas.users_weekly_avg_eng_dur_hr_qtd","Returns the average users weekly average eng duration hr quarter-to-date."
"meas.users_weekly_avg_dur_hr_ytd","Returns the average users weekly average duration hr year-to-date."
"meas.users_weekly_avg_eng_dur_hr_ytd","Returns the average users weekly average eng duration hr year-to-date."
"meas.users_weekly_avg_non_eng_dur_hr_mtd","Calculates users weekly average non eng duration hr month-to-date in the current reporting context."
"meas.users_weekly_avg_non_eng_dur_hr_qtd","Calculates users weekly average non eng duration hr quarter-to-date in the current reporting context."
"meas.users_weekly_avg_non_eng_dur_hr_ytd","Calculates users weekly average non eng duration hr year-to-date in the current reporting context."
"meas.users_weekly_avg_eng_rate_mtd","Calculates users weekly average eng rate month-to-date in the current reporting context."
"meas.users_weekly_avg_eng_rate_qtd","Calculates users weekly average eng rate quarter-to-date in the current reporting context."
"meas.users_weekly_avg_eng_rate_ytd","Calculates users weekly average eng rate year-to-date in the current reporting context."
"meas.users_weekly_new_logo_avg_dur_hr_mtd","Returns the average users weekly new logo average duration hr month-to-date."
"meas.users_weekly_prospecting_avg_dur_hr_mtd","Returns the average users weekly prospecting average duration hr month-to-date."
"meas.users_weekly_existing_customer_selling_avg_dur_hr_mtd","Returns the average users weekly existing customer selling average duration hr month-to-date."
"meas.users_weekly_post_sales_avg_dur_hr_mtd","Returns the average users weekly post sales average duration hr month-to-date."
"meas.users_weekly_internal_avg_dur_hr_mtd","Returns the average internal time-allocation value for month-to-date."
"meas.users_weekly_new_logo_avg_dur_hr_qtd","Returns the average users weekly new logo average duration hr quarter-to-date."
"meas.users_weekly_prospecting_avg_dur_hr_qtd","Returns the average users weekly prospecting average duration hr quarter-to-date."
"meas.users_weekly_post_sales_avg_dur_hr_qtd","Returns the average users weekly post sales average duration hr quarter-to-date."
"meas.users_weekly_existing_customer_selling_avg_dur_hr_qtd","Returns the average users weekly existing customer selling average duration hr quarter-to-date."
"meas.users_weekly_internal_avg_dur_hr_qtd","Returns the average internal time-allocation value for quarter-to-date."
"meas.users_weekly_new_logo_avg_dur_hr_ytd","Returns the average users weekly new logo average duration hr year-to-date."
"meas.users_weekly_prospecting_avg_dur_hr_ytd","Returns the average users weekly prospecting average duration hr year-to-date."
"meas.users_weekly_post_sales_avg_dur_hr_ytd","Returns the average users weekly post sales average duration hr year-to-date."
"meas.users_weekly_existing_customer_selling_avg_dur_hr_ytd","Returns the average users weekly existing customer selling average duration hr year-to-date."
"meas.users_weekly_internal_avg_dur_hr_ytd","Returns the average internal time-allocation value for year-to-date."
"meas.users_weekly_internal_avg_dur_hr_mtd_sply","Returns the average internal time-allocation value for month-to-date in the same period last year."
"meas.users_weekly_new_logo_avg_dur_hr_mtd_sply","Returns the average users weekly new logo average duration hr month-to-date same period last year."
"meas.users_weekly_prospecting_avg_dur_hr_mtd_sply","Returns the average users weekly prospecting average duration hr month-to-date same period last year."
"meas.users_weekly_post_sales_avg_dur_hr_mtd_sply","Returns the average users weekly post sales average duration hr month-to-date same period last year."
"meas.users_weekly_existing_customer_selling_avg_dur_hr_mtd_sply","Returns the average users weekly existing customer selling average duration hr month-to-date same period last year."
"meas.users_weekly_internal_avg_dur_hr_qtd_sply","Returns the average internal time-allocation value for quarter-to-date in the same period last year."
"meas.users_weekly_new_logo_avg_dur_hr_qtd_sply","Returns the average users weekly new logo average duration hr quarter-to-date same period last year."
"meas.users_weekly_prospecting_avg_dur_hr_qtd_sply","Returns the average users weekly prospecting average duration hr quarter-to-date same period last year."
"meas.users_weekly_post_sales_avg_dur_hr_qtd_sply","Returns the average users weekly post sales average duration hr quarter-to-date same period last year."
"meas.users_weekly_existing_customer_selling_avg_dur_hr_qtd_sply","Returns the average users weekly existing customer selling average duration hr quarter-to-date same period last year."
"meas.users_weekly_internal_avg_dur_hr_ytd_sply","Returns the average internal time-allocation value for year-to-date in the same period last year."
"meas.users_weekly_new_logo_avg_dur_hr_ytd_sply","Returns the average users weekly new logo average duration hr year-to-date same period last year."
"meas.users_weekly_prospecting_avg_dur_hr_ytd_sply","Returns the average users weekly prospecting average duration hr year-to-date same period last year."
"meas.users_weekly_post_sales_avg_dur_hr_ytd_sply","Returns the average users weekly post sales average duration hr year-to-date same period last year."
"meas.users_weekly_existing_customer_selling_avg_dur_hr_ytd_sply","Returns the average users weekly existing customer selling average duration hr year-to-date same period last year."
"meas.ssr_history_leads_updated","Returns the average leads updated where step is Lead Gen, step Prospecting."
"meas.ssr_history_mkt_leads_probability_of_conversion","Calculates mkt leads probability of conversion in the current reporting context."
"meas.ssr_history_sales_leads_probability_of_conversion_text","Calculates sales leads probability of conversion in the current reporting context."
"meas.ssr_history_duration_hrs_new_logo_sales_process_step","Summarizes duration hours new logo sales process step where step is New Logo Selling."
"meas.ssr_history_duration_hrs_prospecting_sales_process_step","Summarizes duration hours prospecting sales process step where step is Prospecting."
"meas.ssr_history_duration_hrs_post_sales_sales_process_step","Summarizes duration hours post sales sales process step where step is Post-Sales Support."
"meas.ssr_history_duration_hrs_existing_customer_selling_sales_process_step","Summarizes duration hours existing customer selling sales process step where step is Existing Customer Selling."
"meas.ssr_history_leads_probability_of_conversion_w_thresh","Calculates the number of leads probability of conversion w thresh where step is Lead Gen."
"meas.ssr_history_accts_per_rep_new_logo_prospecting","Calculates accounts per rep new logo prospecting in the current reporting context."
"meas.ssr_history_accts_per_rep_post_sales_existing_customer_selling","Calculates accounts per rep post sales existing customer selling in the current reporting context."
"meas.ssr_history_created_first_touched_age","Returns created first touched age."
"meas.ssr_history_total_adj_duration_hrs","Calculates total adjusted duration hours in the current reporting context."
"meas.ssr_history_target_engagement_rate","Calculates target engagement rate in the current reporting context."
"meas.ssr_history_last_engage_age_days","Calculates last engage age days in the current reporting context."
"meas.ssr_history_target_propensity","Calculates target propensity in the current reporting context."
"meas.ssr_target_acct_count","Calculates ssr target account count in the current reporting context."
"meas.ssr_history_target_acct_count_mtd","Returns target account count month-to-date."
"meas.ssr_history_target_acct_count_mtd_sply","Returns target account count month-to-date same period last year."
"meas.ssr_history_target_acct_count_qtd","Returns target account count quarter-to-date."
"meas.ssr_history_target_acct_count_qtd_sply","Returns target account count quarter-to-date same period last year."
"meas.ssr_history_target_acct_count_ytd","Returns target account count year-to-date."
"meas.ssr_history_target_acct_count_ytd_sply","Returns target account count year-to-date same period last year."
"meas.ssr_history_target_acct_count_mtd_sply_diff","Calculates target account count month-to-date same period last year difference in the current reporting context."
"meas.ssr_history_target_acct_count_qtd_sply_diff","Calculates target account count quarter-to-date same period last year difference in the current reporting context."
"meas.ssr_history_target_acct_count_ytd_sply_diff","Calculates target account count year-to-date same period last year difference in the current reporting context."
"meas.ssr_history_avg_pred_conv_rate_mtd","Returns the average average pred conv rate month-to-date."
"meas.ssr_history_avg_pred_conv_rate_mtd_sply","Returns the average average pred conv rate month-to-date same period last year."
"meas.ssr_history_avg_pred_conv_rate_qtd","Returns the average average pred conv rate quarter-to-date."
"meas.ssr_history_avg_pred_conv_rate_qtd_sply","Returns the average average pred conv rate quarter-to-date same period last year."
"meas.ssr_history_avg_pred_conv_rate_ytd","Returns the average average pred conv rate year-to-date."
"meas.ssr_history_avg_pred_conv_rate_ytd_sply","Returns the average average pred conv rate year-to-date same period last year."
"meas.ssr_history_avg_pred_conv_rate_mtd_sply_diff","Calculates average pred conv rate month-to-date same period last year difference in the current reporting context."
"meas.ssr_history_avg_pred_conv_rate_qtd_sply_diff","Calculates average pred conv rate quarter-to-date same period last year difference in the current reporting context."
"meas.ssr_history_avg_pred_conv_rate_ytd_sply_diff","Calculates average pred conv rate year-to-date same period last year difference in the current reporting context."
"meas.ssr_history_target_acct_time_spent_mtd","Returns target account time spent month-to-date."
"meas.ssr_history_target_acct_time_spent_mtd_sply","Returns target account time spent month-to-date same period last year."
"meas.ssr_history_target_acct_time_spent_qtd","Returns target account time spent quarter-to-date."
"meas.ssr_history_target_acct_time_spent_qtd_sply","Returns target account time spent quarter-to-date same period last year."
"meas.ssr_history_target_acct_time_spent_ytd","Returns target account time spent year-to-date."
"meas.ssr_history_target_acct_time_spent_ytd_sply","Returns target account time spent year-to-date same period last year."
"meas.ssr_history_target_acct_time_spent_mtd_sply_dif","Returns target account time spent month-to-date same period last year dif."
"meas.ssr_history_target_acct_time_spent_qtd_sply_dif","Returns target account time spent quarter-to-date same period last year dif."
"meas.ssr_history_target_acct_time_spent_ytd_sply_dif","Returns target account time spent year-to-date same period last year dif."
"meas.ssr_history_target_acct_eng_time_spent_mtd","Returns target account eng time spent month-to-date."
"meas.ssr_history_total_adj_eng_duration_hrs","Calculates total adjusted eng duration hours in the current reporting context."
"meas.ssr_history_target_acct_eng_time_spent_mtd_sply","Returns target account eng time spent month-to-date same period last year."
"meas.ssr_history_target_acct_eng_time_spent_qtd","Returns target account eng time spent quarter-to-date."
"meas.ssr_history_target_acct_eng_time_spent_qtd_sply","Returns target account eng time spent quarter-to-date same period last year."
"meas.ssr_history_target_acct_eng_time_spent_ytd","Returns target account eng time spent year-to-date."
"meas.ssr_history_target_acct_eng_time_spent_ytd_sply","Returns target account eng time spent year-to-date same period last year."
"meas.ssr_history_target_acct_eng_time_spent_mtd_sply_dif","Returns target account eng time spent month-to-date same period last year dif."
"meas.ssr_history_target_acct_eng_time_spent_qtd_sply_dif","Returns target account eng time spent quarter-to-date same period last year dif."
"meas.ssr_history_target_acct_eng_time_spent_ytd_sply_dif","Returns target account eng time spent year-to-date same period last year dif."
"meas.ssr_history_target_converted_acct_count_mtd","Returns target converted account count month-to-date."
"meas.ssr_target_converted_acct_count","Calculates ssr target converted account count in the current reporting context."
"meas.ssr_history_target_converted_acct_count_mtd_sply","Returns target converted account count month-to-date same period last year."
"meas.ssr_history_target_converted_acct_count_qtd","Returns target converted account count quarter-to-date."
"meas.ssr_history_target_converted_acct_count_qtd_sply","Returns target converted account count quarter-to-date same period last year."
"meas.ssr_history_target_converted_acct_count_ytd","Returns target converted account count year-to-date."
"meas.ssr_history_target_converted_acct_count_ytd_sply","Returns target converted account count year-to-date same period last year."
"meas.ssr_history_target_converted_acct_count_mtd_sply_diff","Calculates target converted account count month-to-date same period last year difference in the current reporting context."
"meas.ssr_history_target_converted_acct_count_qtd_sply_diff","Calculates target converted account count quarter-to-date same period last year difference in the current reporting context."
"meas.ssr_history_target_converted_acct_count_ytd_sply_diff","Calculates target converted account count year-to-date same period last year difference in the current reporting context."
"meas.ssr_target_abandoned_acct_count","Calculates ssr target abandoned account count in the current reporting context."
"meas.ssr_history_target_abandoned_acct_count_mtd","Returns target abandoned account count month-to-date."
"meas.ssr_history_target_abandoned_acct_count_mtd_sply","Returns target abandoned account count month-to-date same period last year."
"meas.ssr_history_target_abandoned_acct_count_qtd","Returns target abandoned account count quarter-to-date."
"meas.ssr_history_target_abandoned_acct_count_qtd_sply","Returns target abandoned account count quarter-to-date same period last year."
"meas.ssr_history_target_abandoned_acct_count_ytd","Returns target abandoned account count year-to-date."
"meas.ssr_history_target_abandoned_acct_count_ytd_sply","Returns target abandoned account count year-to-date same period last year."
"meas.ssr_history_target_abandoned_acct_count_mtd_sply_diff","Calculates target abandoned account count month-to-date same period last year difference in the current reporting context."
"meas.ssr_history_target_abandoned_acct_count_qtd_sply_diff","Calculates target abandoned account count quarter-to-date same period last year difference in the current reporting context."
"meas.ssr_history_target_abandoned_acct_count_ytd_sply_diff","Calculates target abandoned account count year-to-date same period last year difference in the current reporting context."
"meas.ssr_target_disqualified_acct_count","Calculates ssr target disqualified account count in the current reporting context."
"meas.ssr_history_target_disqualified_acct_count_mtd","Returns target disqualified account count month-to-date."
"meas.ssr_history_target_disqualified_acct_count_mtd_sply","Returns target disqualified account count month-to-date same period last year."
"meas.ssr_history_target_disqualified_acct_count_qtd","Returns target disqualified account count quarter-to-date."
"meas.ssr_history_target_disqualified_acct_count_qtd_sply","Returns target disqualified account count quarter-to-date same period last year."
"meas.ssr_history_target_disqualified_acct_count_ytd","Returns target disqualified account count year-to-date."
"meas.ssr_history_target_disqualified_acct_count_ytd_sply","Returns target disqualified account count year-to-date same period last year."
"meas.ssr_history_target_disqualified_acct_count_mtd_sply_diff","Calculates target disqualified account count month-to-date same period last year difference in the current reporting context."
"meas.ssr_history_target_disqualified_acct_count_qtd_sply_diff","Calculates target disqualified account count quarter-to-date same period last year difference in the current reporting context."
"meas.ssr_history_target_disqualified_acct_count_ytd_sply_diff","Calculates target disqualified account count year-to-date same period last year difference in the current reporting context."
"meas.ssr_history_avg_adj_eng_duration_hrs","Calculates average adjusted eng duration hours in the current reporting context."
"meas.ssr_history_avg_adj_duration_hrs","Calculates average adjusted duration hours in the current reporting context."
"meas.ssr_history_avg_adj_non_eng_duration_hrs","Calculates average adjusted non eng duration hours in the current reporting context."
"meas.ssr_history_avg_opp_initial_booking_amt","Calculates average opportunity initial booking amount in the current reporting context."
"meas.ssr_history_avg_new_logo_won_amt","Calculates average new logo won amount in the current reporting context."
"meas.ssr_history_open_pipeline_count_eop_sply","Calculates open pipeline count eop same period last year in the current reporting context."
"meas.ssr_history_open_pipeline_win_rate_sply","Calculates open pipeline win rate same period last year in the current reporting context."
"meas.ssr_history_target_filter_screen","Returns target filter screen."
"meas.ssr_history_target_stkhlds_tot_count","Calculates target stakeholders total count in the current reporting context."
"meas.ssr_history_target_latest_outcome","Calculates target latest outcome in the current reporting context."
"meas.ssr_history_open_pipeline_success_count_eop","Calculates the number of open pipeline success count end of period for successful records."
"meas.ssr_history_step_count_sply_diff","Calculates the number of step count same period last year difference for successful records."
"meas.ssr_history_success_rate_sply_diff","Calculates success rate same period last year difference in the current reporting context."
"meas.ssr_history_won_amt_sply_diff","Calculates won amount same period last year difference in the current reporting context."
"meas.ssr_history_open_pipeline_success_rate","Calculates the number of open pipeline success rate for successful records."
"meas.ssr_history_reps_mtd","Returns reps month-to-date."
"meas.sales_booking_amt","Calculates sales booking amount in the current reporting context."
"meas.ssr_history_step_users_tot","Calculates step users total in the current reporting context."
"meas.ssr_history_total_all_dur_hrs","Summarizes total all duration hours."
"meas.ssr_history_step_success_prob","Calculates step success probability in the current reporting context."
"meas.ssr_history_step_owner_full_name_with_acl","Calculates step owner full name with acl in the current reporting context."
"meas.ssr_history_step_owner_avg_act_capt_lvl","Calculates step owner average act capt lvl in the current reporting context."
"meas.ssr_history_time_effort_src","Returns time effort src."
"meas.ssr_history_time_effort_conf","Calculates time effort confidence in the current reporting context."
"meas.ssr_history_failure_lost_stage_nd_count","Calculates the number of failure lost stage nd count."
"meas.ssr_history_mkt_leads_inbound","Calculates the number of mkt leads inbound where step is Lead Gen."
"meas.ssr_history_leads_dept_rate","Calculates the number of leads dept rate where step is Lead Gen."
"meas.ssr_history_leads_gen_vi_vc_rate","Summarizes leads generation vi vc rate where step is Lead Gen."
"meas.ssr_history_leads_touched_updated","Calculates leads touched updated in the current reporting context."
"meas.ssr_history_leads_touched_ratio_updated","Calculates leads touched ratio updated in the current reporting context."
"meas.ssr_history_inbound_leads_touched_avg_days","Calculates inbound leads touched average days in the current reporting context."
"meas.ssr_history_success_count_prospecting_inbound","Returns success count prospecting inbound."
"meas.ssr_history_success_rate_prospecting_inbound","Returns success rate prospecting inbound."
"meas.all_stkhlds_count","Summarizes all activities from stakeholders."
"meas.all_stkhlds_title","Helper measure used for internal label, formatting, or visual support behavior."
"meas.crm_currency","Redundant measure - slated for depreciation."
"meas.crm_name","Redundant measure - slated for depreciation."
"meas.opps_addr_location","Calculates addr location in the current reporting context."
"meas.opps_closed_date","Calculates closed date in the current reporting context."
"meas.opps_trueai_book_amt","Summarizes opportunities trueai book amount."
"meas.opps_trueai_sales_type","Redundant measure - slated for depreciation."
"meas.opps_trueai_stage","Redundant measure - slated for depreciation."
"meas.owner_full_name","Calculates owner full name in the current reporting context."
"meas.ssr_history_step_outcome","Redundant measure - slated for depreciation."
"meas.step_owner_group","Calculates step owner group in the current reporting context."
"meas.step_owner_user_role_aliased","Helper measure used for internal calculations, dynamic formatting, or visual behavior."
"meas.step_users_total","Summarizes step users total."
"meas.stkhlds_all_contacts_count","Summarizes stakeholders all contacts count."
"meas.stkhlds_all_first_act","Redundant measure - slated for depreciation."
"meas.stkhlds_all_last_act","Redundant measure - slated for depreciation."
"meas.stkhlds_all_last_eng","Redundant measure - slated for depreciation."
"meas.stkhlds_primary_contact_card_title","Helper measure used for internal label, formatting, or visual support behavior."
"meas.stkhlds_primary_contact_first_act","Returns stakeholders primary contact first act."
"meas.stkhlds_primary_contact_first_eng","Redundant measure - slated for depreciation."
"meas.stkhlds_primary_contact_last_act","Redundant measure - slated for depreciation."
"meas.stkhlds_primary_contact_last_eng","Redundant measure - slated for depreciation."
"meas.stkhlds_primary_contact_seniority","Returns stakeholders primary contact seniority."
"meas.stkhlds_primary_contact_title_department","Helper measure used for internal calculations, dynamic formatting, or visual behavior."
"meas.stkhlds_primary_contact_title_seniority","Helper measure used for internal calculations, dynamic formatting, or visual behavior."
"meas.stkhlds_primary_full_name","Returns stakeholders primary full name."
"meas.stkhlds_seconary_contact_title","Helper measure used for internal label, formatting, or visual support behavior."
"meas.stkhlds_secondary_contact_card_title","Helper measure used for internal label, formatting, or visual support behavior."
"meas.stkhlds_secondary_contact_first_act","Redundant measure - slated for depreciation."
"meas.stkhlds_secondary_contact_first_eng","Redundant measure - slated for depreciation."
"meas.stkhlds_secondary_contact_last_act","Redundant measure - slated for depreciation."
"meas.stkhlds_secondary_contact_last_eng","Redundant measure - slated for depreciation."
"meas.stkhlds_secondary_contact_title_department","Helper measure used for internal calculations, dynamic formatting, or visual behavior."
"meas.stkhlds_secondary_contact_title_seniority","Helper measure used for internal calculations, dynamic formatting, or visual behavior."
"meas.tot_pushed_pulled_close_date","Redundant measure - slated for depreciation."
"meas.trueai_addr_city","Redundant measure - slated for depreciation."
"meas.trueai_addr_state","Redundant measure - slated for depreciation."
"meas.trueai_company_size","Redundant measure - slated for depreciation."
"meas.trueai_first_purchase","Redundant measure - slated for depreciation."
"meas.trueai_leadsource_name","Redundant measure - slated for depreciation."
"meas.trueai_potential_acv","Redundant measure - slated for depreciation."
"meas.trueai_propensity","Redundant measure - slated for depreciation."
"meas.opps_deals_lost_count","Calculates the number of closed-lost opportunities in the current reporting context."
"meas.opps_deals_won_count","Calculates the number of closed-won opportunities in the current reporting context."
"meas.ssr_history_opps_rev_avg_won_amt","Returns the average revenue average won amount."
"meas.ssr_history_opps_step_cycle_avg_success","Calculates step cycle average success in the current reporting context."
"meas.stkhlds_all_act_count","Summarizes all activities from stakeholders."
"meas.stkhlds_all_act_counts","Summarizes all activities from stakeholders."
"meas.stkhlds_all_act_email_count","Summarizes all emails from stakeholders."
"meas.stkhlds_all_act_eng_counts","Summarizes all activities from stakeholders."
"meas.stkhlds_all_act_eng_email_count","Summarizes all emails from stakeholders."
"meas.stkhlds_all_act_eng_meeting_count","Summarizes all meetings from stakeholders."
"meas.stkhlds_all_act_eng_social_count","Summarizes all social-channel activities from stakeholders."
"meas.stkhlds_all_act_meeting_count","Summarizes all meetings from stakeholders."
"meas.stkhlds_all_act_phone_calls","Summarizes all calls from stakeholders."
"meas.stkhlds_all_act_phone_eng_calls","Summarizes all calls from stakeholders."
"meas.stkhlds_all_act_social_count","Summarizes all social-channel activities from stakeholders."
"meas.stkhlds_all_eng_act_count","Redundant measure - slated for depreciation."
"meas.stkhlds_all_non_eng_counts","Calculates stakeholders all non eng counts in the current reporting context."
"meas.stkhlds_all_non_eng_email","Returns stakeholders all non eng email."
"meas.stkhlds_all_non_eng_meeting","Returns stakeholders all non eng meeting."
"meas.stkhlds_all_non_eng_phone_calls","Returns stakeholders all non eng phone calls."
"meas.stkhlds_all_non_eng_social_count","Returns stakeholders all non eng social count."
"meas.stkhlds_non_eng_act_counts","Returns stakeholders non eng act counts."
"meas.stkhlds_secondary_full_name","Returns stakeholders secondary full name."
"meas.tot_lost_amt_opps","Calculates total booking amount for closed-lost opportunities in the current reporting context."
"meas.tot_won_amt_opps","Calculates total booking amount for closed-won opportunities in the current reporting context."
"meas.aliasing_label","Helper measure used for internal label, formatting, or visual support behavior."
"meas.aliasing_label_entity_cust_field_1","Helper measure used for internal label, formatting, or visual support behavior."
"meas.aliasing_labels_cust_field","Helper measure used for internal label, formatting, or visual support behavior."
"meas.bucket_num","Helper measure used for internal label, formatting, or visual support behavior."
"meas.count_greater_than_thresh","Helper measure used to filter out very small cohorts below a minimum size threshold in lead-generation analysis."
"meas.pipeline_amt","Summarizes pipeline amount."
"meas.stkhlds_primary_last_act","Redundant measure - slated for depreciation."
"meas.stkhlds_secondary_last_act","Redundant measure - slated for depreciation."
"meas.test_done.average_duration_hrs","Returns the average test done.average duration hours."
"meas.ssr_history_all_social_media_engagement_rate-test","Calculates all social media engagement rate-test in the current reporting context."
"meas.ssr_history_all_meeting_avg_eng_count","Returns the average all meeting average eng count."
"meas.ssr_history_all_social_media_avg_eng_count","Calculates all social media average eng count in the current reporting context."
"meas.ssr_history_all_phone_call_avg_eng_count","Calculates all phone call average eng count in the current reporting context."
"meas.ssr_history_all_email_avg_eng_count","Calculates all email average eng count in the current reporting context."
"meas.ssr_history_all_activity_avg_count","Returns the average all activity average count."
"meas.ssr_history_all_activity_avg_eng_count","Calculates all activity average eng count in the current reporting context."
"meas.ssr_history_mgmt_rpt_next_step_bucket","Helper measure used for internal calculations, dynamic formatting, or visual behavior."
"meas.total_opps_count","Calculates total opportunities count in the current reporting context."
"meas.total_won_opps","Calculates total won opportunities in the current reporting context."
"meas.total_opps_won_amt","Calculates total opportunities won amount in the current reporting context."
"meas.opps_average_won_amt","Calculates average won amount in the current reporting context."
"meas.ssr_history_count_sys_doc_id","Calculates the number of count sys doc id."
"meas.adj_dur_confidence","Returns the confidence score for adjusted duration estimates used in opportunity progression analysis."
"meas.adj_dur_confidence_status_number","Returns the categorical status number derived from adjusted duration confidence scoring."
"meas.ssr_history_unsuccessful_count","Calculates unsuccessful count in the current reporting context."
"meas.ssr_history_dur_hrs","Calculates duration hours in the current reporting context."
"meas.ssr_history_step_post_sales_count","Calculates the number of step post sales count where step is Post-Sales Support."
"meas.ssr_history_sel_date_count","Calculates the number of sel date count."
"meas.ssr_history_sel_date_count2","Calculates the number of sel date count2."
"meas.ssr_history_sel_date_most_recent_start_date","Calculates the number of sel date most recent start date."
"meas.ssr_history_sel_date_pipeline_generated","Calculates the number of sel date pipeline generated."
"meas.ssr_history_mgmt_rpt_leads_gen_count","Calculates the number of management rpt leads generation count where step is Lead Gen."
"meas.ssr_history_avg_act_capt_lvl","Calculates average act capt lvl in the current reporting context."
"meas.ssr_history_sales_engineer_success_prob_avg","Calculates sales engineer success probability average in the current reporting context."
"meas.ssr_history_not_sales_engineer_success_prob_avg","Calculates not sales engineer success probability average in the current reporting context."
"meas.ssr_history_mgmt_rpt_leads_gen_conv_rate","Returns the average management rpt leads generation conv rate where step is Prospecting."
"meas.ssr_history_avg_next_steps_prob","Calculates average next steps probability in the current reporting context."
"meas.ssr_history_target_acct_count","Returns target account count."
"meas.ssr_history_success_prob_leadgen_conversion_rate","Calculates success probability leadgen conversion rate in the current reporting context."
"meas.ssr_history_mkt_leads_touched","Calculates mkt leads touched in the current reporting context."
"meas.ssr_history_generated_pipeline_amt","Calculates generated pipeline amount in the current reporting context."
"meas.ssr_history_won_amt_diff","Returns won amount difference."
"meas.ssr_history_won_count","Calculates won count in the current reporting context."
"meas.ssr_history_won_count_diff","Returns won count difference."
"meas.ssr_history_avg_won_amt_diff","Returns average won amount difference."
"meas.ssr_history_avg_won_cycle_days","Calculates average won cycle days in the current reporting context."
"meas.ssr_history_avg_won_cycles_days_diff","Returns average won cycles days difference."
"meas.ssr_history_win_rate_diff","Returns win rate difference."
"meas.ssr_history_win_rate","Calculates win rate in the current reporting context."
"meas.ssr_history_avg_pushed_pulled_days","Calculates average pushed pulled days in the current reporting context."
"meas.ssr_history_avg_pushed_pulled_days_diff","Returns average pushed pulled days difference."
"meas.ssr_history_avg_initial_actual_booking_diff_amt","Calculates average initial actual booking difference amount in the current reporting context."
"meas.ssr_history_avg_initial_actual_amt_diff","Returns average initial actual amount difference."
"meas.users_overview_avg_pred_conv_rate","Calculates users overview average pred conv rate in the current reporting context."
"meas.ssr_history_mgmt_rpt_avg_won_amt_per_rep","Returns management rpt average won amount per rep where step is New Logo Selling or Existing Customer Selling, successful records."
"meas.users_overview_win_rate","Returns users overview win rate where step is Existing Customer Selling or New Logo Selling, successful records."
"meas.ssr_history_mgmt_pipeline_amt_diff","Returns management pipeline amount difference."
"meas.ssr_history_mgmt_pipeline_amt","Summarizes management pipeline amount where step is Prospecting or Post-Sales Support, successful records."
"meas.users_overview_avg_pred_conv_rate_diff","Returns users overview average pred conv rate difference."
"meas.ssr_history_mgmt_avg_won_amt_per_rep_diff","Returns management average won amount per rep difference."
"meas.users_overview_win_rate_diff","Returns users overview win rate difference."
"meas.ssr_history_mgmt_leads_gen_count","Calculates the number of management leads generation count where step is Lead Gen."
"meas.ssr_history_mgmt_leads_gen_time","Returns the average management leads generation time where step is Lead Gen."
"meas.ssr_history_mgmt_leads_gen_conv_rate","Returns the average management leads generation conv rate where step is Lead Gen, step Prospecting."
"meas.ssr_history_mgmt_leads_gen_count_diff","Returns management leads generation count difference."
"meas.ssr_history_mgmt_leads_gen_time_diff","Returns management leads generation time difference."
"meas.ssr_history_mgmt_leads_gen_conv_rate_diff","Returns management leads generation conv rate difference."
"meas.ssr_history_mgmt_pipeline_count","Returns management pipeline count where step is Prospecting or Post-Sales Support, successful records."
"meas.ssr_history_mgmt_pipeline_avg_amt","Returns the average management pipeline average amount where step is Prospecting or Post-Sales Support, successful records."
"meas.ssr_history_mgmt_pipeline_avg_win_prob","Returns the average management pipeline average win probability where step is Prospecting or Post-Sales Support, successful records."
"meas.ssr_history_mgmt_expected_win_amt","Returns management expected win amount where step is Prospecting or Post-Sales Support, successful records."
"meas.ssr_history_generated_pipeline_amt_diff","Returns generated pipeline amount difference."
"meas.ssr_history_mgmt_pipeline_count_diff","Returns management pipeline count difference."
"meas.ssr_history_mgmt_pipeline_avg_amt_diff","Returns management pipeline average amount difference."
"meas.ssr_history_mgmt_pipeline_avg_win_prob_diff","Returns management pipeline average win probability difference."
"meas.ssr_history_mgmt_expected_win_amt_diff","Returns management expected win amount difference."
"meas.ssr_history_new_logo_existing_customer_pipeline_amt","Summarizes new logo existing customer pipeline amount where step is Prospecting, step Post-Sales Support."
"meas.ssr_history_first_touched_days","Returns first touched days."
"meas.ssr_history_cal_end_sel_date_count","Calculates the number of cal end sel date count."
"meas.ssr_total_open_leads_count","Calculates the number of ssr total open leads count."
"meas.ssr_history_target_screen_step_outcome","Calculates target screen step outcome in the current reporting context."
"meas.ssr_total_untouched_leads_count","Calculates ssr total untouched leads count in the current reporting context."
"meas.ssr_history_owner_full_name","Calculates owner full name in the current reporting context."
"meas.ssr_history_owner_group","Calculates owner group in the current reporting context."
"meas.ssr_open_leads_accts_name","Calculates ssr open leads accounts name in the current reporting context."
"meas.ssr_open_leads_accts_added_date","Calculates ssr open leads accounts added date in the current reporting context."
"meas.ssr_open_leads_accts_first_touch_date","Calculates ssr open leads accounts first touch date in the current reporting context."
"meas.ssr_history_open_leads_accts_stkhlds_contact_count","Calculates open leads accounts stakeholders contact count in the current reporting context."
"meas.ssr_open_trueai_industry","Calculates ssr open trueai industry in the current reporting context."
"meas.ssr_open_lead_crm_leadsource","Calculates ssr open lead crm leadsource in the current reporting context."
"meas.ssr_history_open_leads_accts_propensity_tier","Calculates open-lead account count by propensity tier within the current reporting context."
"meas.ssr_history_open_leads_accts_stkhlds_act_count","Calculates open leads accounts stakeholders act count in the current reporting context."
"meas.ssr_open_leads_count","Calculates the number of ssr open leads count."
"meas.ssr_history_open_lead_accts_last_act","Calculates open lead accounts last act in the current reporting context."
"meas.ssr_history_open_leads_accts_total_dur","Calculates open leads accounts total duration in the current reporting context."
"meas.ssr_history_open_leads_accts_engagement_rate","Calculates open leads accounts engagement rate in the current reporting context."
"meas.ssr_open_leads_accts_potential_acv","Returns ssr open leads accounts potential acv."
"meas.step_outcome","Returns step outcome."
"meas.ssr_total_ignored_leads_count","Calculates ssr total ignored leads count in the current reporting context."
"meas.ssr_total_abandoned_leads_count","Calculates ssr total abandoned leads count in the current reporting context."
"meas.ssr_open_leads_avg_prediction_conv_rate","Calculates the number of ssr open leads average prediction conv rate."
"meas.filter_cal_start_dates_with_end_date","Calculates filter cal start dates with end date in the current reporting context."
"meas.ssr_history_sel_date_count3","Calculates the number of sel date count3."
"meas.ssr_history_sel_date_card_count","Returns sel date card count."
"meas.ssr_history_leads_accts_engagement_rate","Returns leads accounts engagement rate."
"meas.ssr_history_sel_date_count4","Calculates the number of sel date count4."
"meas.ssr_leads_time_to_touch_days","Calculates ssr leads time to touch days in the current reporting context."
"meas.open_leads_tbl_title","Helper measure used for internal label, formatting, or visual support behavior."
"meas.ssr_first_touch_date","Returns ssr first touch date."
"meas.ssr_history_top_250_leads","Returns top 250 leads."
"meas.stkhlds_all_last_act_days","Calculates stakeholders all last act days in the current reporting context."
"meas.ssr_history_mgmt_rpt_won_amt_mtd","Returns management rpt won amount month-to-date where step is New Logo Selling or Existing Customer Selling, successful records."
"meas.ssr_history_mgmt_rpt_won_amt_mtd_sply","Returns management rpt won amount month-to-date same period last year where step is New Logo Selling or Existing Customer Selling, successful records."
"meas.ssr_history_mgmt_rpt_won_amt_mtd_sply_diff","Returns management rpt won amount month-to-date same period last year difference."
"meas.ssr_history_mgmt_rpt_won_amt_qtd","Returns management rpt won amount quarter-to-date where step is New Logo Selling or Existing Customer Selling, successful records."
"meas.ssr_history_mgmt_rpt_won_amt_qtd_sply","Returns management rpt won amount quarter-to-date same period last year where step is New Logo Selling or Existing Customer Selling, successful records."
"meas.ssr_history_mgmt_rpt_won_amt_qtd_sply_diff","Returns management rpt won amount quarter-to-date same period last year difference."
"meas.ssr_history_mgmt_rpt_won_amt_ytd","Returns management rpt won amount year-to-date where step is New Logo Selling or Existing Customer Selling, successful records."
"meas.ssr_history_mgmt_rpt_won_amt_ytd_sply","Returns management rpt won amount year-to-date same period last year where step is New Logo Selling or Existing Customer Selling, successful records."
"meas.ssr_history_mgmt_rpt_won_amt_ytd_sply_diff","Returns management rpt won amount year-to-date same period last year difference."
"meas.ssr_history_mgmt_rpt_pipeline_amt_mtd","Returns management rpt pipeline amount month-to-date where step is Prospecting or Post-Sales Support, successful records."
"meas.ssr_history_mgmt_rpt_pipeline_amt_mtd_sply","Returns management rpt pipeline amount month-to-date same period last year where step is Prospecting or Post-Sales Support, successful records."
"meas.ssr_history_mgmt_rpt_pipeline_amt_mtd_sply_diff","Calculates management rpt pipeline amount month-to-date same period last year difference in the current reporting context."
"meas.ssr_history_mgmt_rpt_pipeline_amt_qtd","Returns management rpt pipeline amount quarter-to-date where step is Prospecting or Post-Sales Support, successful records."
"meas.ssr_history_mgmt_rpt_pipeline_amt_qtd_sply","Returns management rpt pipeline amount quarter-to-date same period last year where step is Prospecting or Post-Sales Support, successful records."
"meas.ssr_history_mgmt_rpt_pipeline_amt_qtd_sply_diff","Returns management rpt pipeline amount quarter-to-date same period last year difference."
"meas.ssr_history_mgmt_rpt_pipeline_amt_ytd","Returns management rpt pipeline amount year-to-date where step is Prospecting or Post-Sales Support, successful records."
"meas.ssr_history_mgmt_rpt_pipeline_amt_ytd_sply","Returns management rpt pipeline amount year-to-date same period last year where step is Prospecting or Post-Sales Support, successful records."
"meas.ssr_history_mgmt_rpt_pipeline_amt_ytd_sply_diff","Returns management rpt pipeline amount year-to-date same period last year difference."
"meas.ta_ssr_history_all_activity_avg_count","Calculates ta ssr history all activity average count in the current reporting context."
"meas.ta_ssr_history_all_activity_avg_eng_count","Returns the average ta ssr history all activity average eng count."
"meas.ta_ssr_history_all_activity_engagement_rate","Calculates ta ssr history all activity engagement rate in the current reporting context."
"meas.ta_ssr_history_all_email_avg_count","Calculates ta ssr history all email average count in the current reporting context."
"meas.ta_ssr_history_all_email_avg_eng_count","Calculates ta ssr history all email average eng count in the current reporting context."
"meas.ta_ssr_history_all_email_engagement_rate","Calculates ta ssr history all email engagement rate in the current reporting context."
"meas.ta_ssr_history_all_meeting_avg_count","Calculates ta ssr history all meeting average count in the current reporting context."
"meas.ta_ssr_history_all_meeting_avg_eng_count","Calculates ta ssr history all meeting average eng count in the current reporting context."
"meas.ta_ssr_history_all_meeting_engagement_rate","Calculates ta ssr history all meeting engagement rate in the current reporting context."
"meas.ta_ssr_history_all_phone_call_avg_count","Calculates ta ssr history all phone call average count in the current reporting context."
"meas.ta_ssr_history_all_phone_call_avg_eng_count","Calculates ta ssr history all phone call average eng count in the current reporting context."
"meas.ta_ssr_history_all_phone_call_engagement_rate","Calculates ta ssr history all phone call engagement rate in the current reporting context."
"meas.ta_ssr_history_all_social_media_avg_count","Calculates ta ssr history all social media average count in the current reporting context."
"meas.ta_ssr_history_all_social_media_avg_eng_count","Returns ta ssr history all social media average eng count."
"meas.ta_ssr_history_all_social_media_engagement_rate","Calculates ta ssr history all social media engagement rate in the current reporting context."
"meas.opps_asof_open_pipeline_amt","Returns total open pipeline amount as of the selected as-of date."
"meas.avg_time_spent_per_step","Calculates average time spent per step in the current reporting context."
"meas.ssr_history_leads_w_first_touch","Calculates leads w first touch in the current reporting context."
"meas.opps_asof_open_pipeline_expected_value","Returns total open pipeline amount as of the selected as-of date."
"meas.avg_time_spent_per_deal_ratio_prospecting","Returns average time spent per deal ratio prospecting where step is Prospecting."
"meas.avg_time_spent_per_deal_ratio_new_logo_selling","Returns average time spent per deal ratio new logo selling where step is New Logo Selling."
"meas.avg_time_spent_per_deal_ratio_post_sales_support","Returns average time spent per deal ratio post sales support where step is Post-Sales Support."
"meas.avg_time_spent_per_deal_ratio_existing_customer_selling","Returns average time spent per deal ratio existing customer selling where step is Existing Customer Selling."
"meas.ssr_history_leads_count","Calculates the number of leads count."
"meas.ssr_history_mkt_inbound_leads_with_first_touch","Calculates the number of mkt inbound leads with first touch."
"meas.ssr_history_success_count_mkt_prospecting_inbound","Calculates the number of success count mkt prospecting inbound where step is Prospecting, successful records."
"meas.ssr_history_inbound_mkt_leads_touched_ratio","Returns inbound mkt leads touched ratio."
"meas.ssr_history_success_rate_mkt_prospecting_inbound","Calculates success rate mkt prospecting inbound in the current reporting context."
"meas.annual_booking_mrr_won_amt","Returns won booking amount, or converts it to monthly recurring revenue, based on the selected Booking Amount Display Mode."
"meas.annual_booking_mrr_won_amt_text","Returns the selected booking display label (monthly recurring revenue or Annual Bookings) based on Booking Amount Display Mode."
"meas.annual_booking_mrr_new_logo_won_amt","Returns won new-logo booking amount, or converts it to monthly recurring revenue, based on the selected Booking Amount Display Mode."
"meas.annual_booking_mrr_existing_customer_selling_won_amt","Returns won existing-customer-selling booking amount, or converts it to monthly recurring revenue, based on the selected Booking Amount Display Mode."
"meas.ssr_history_all_duration_hrs","Calculates all duration hours in the current reporting context."
"meas.ssr_history_all_eng_duration_hrs","Calculates all eng duration hours in the current reporting context."
"meas.ssr_history_all_phone_call_count","Calculates all phone call count in the current reporting context."
"meas.stkhlds_all_act_social_media_count","Summarizes all social-channel activities from stakeholders."
"meas.stkhlds_all_act_nd_count","Summarizes all activities from stakeholders."
"meas.ssr_history_mrr_won_amt","Calculates monthly recurring revenue won amount in the current reporting context."
"meas.ssr_history_mrr_won_amt_new_logo","Calculates monthly recurring revenue won amount new logo in the current reporting context."
"meas.ssr_history_mrr_won_amt_existing_customer_selling","Calculates monthly recurring revenue won amount existing customer selling in the current reporting context."
"meas.ssr_history_duration_hrs_deals","Returns duration hours deals."
"meas.ssr_history_duration_hrs_deals_stage_accumulation","Returns duration hours deals stage accumulation."
"meas.ssr_history_duration_hrs_deals_stage","Returns duration hours deals stage."
"meas.ssr_history_duration_hrs_lost_deals","Calculates duration hours lost deals in the current reporting context."
"meas.opps_per_dur_hrs_avg","Summarizes opportunities per duration hours average."
"meas.opps_per_acts_avg","Calculates per acts average in the current reporting context."
"meas.opps_per_acts_avg_ae","Returns the average number of opportunities per account for Account Executive."
"meas.opps_per_acts_avg_am","Returns the average number of opportunities per account for Account Manager."
"meas.opps_per_acts_avg_mgmt","Returns the average number of opportunities per account for Management."
"meas.opps_per_acts_avg_sdr","Returns the average number of opportunities per account for Sales Development Representative."
"meas.opps_per_acts_avg_other","Returns the average number of opportunities per account for Other Roles."
"meas.opps_per_dur_hrs_avg_sdr","Returns the average number of opportunities per duration hour for Sales Development Representative."
"meas.opps_per_dur_hrs_avg_ae","Returns the average number of opportunities per duration hour for Account Executive."
"meas.opps_per_dur_hrs_avg_other","Returns the average number of opportunities per duration hour for OTHER ROLE."
"meas.opps_per_dur_hrs_avg_mgmt","Returns the average number of opportunities per duration hour for Management."
"meas.opps_per_dur_hrs_avg_am","Returns the average number of opportunities per duration hour for Account Manager."
"meas.opps_per_owner_avg","Returns the average number of opportunities per owner in the current reporting context."
"meas.opps_per_owner_avg_ae","Returns the average number of opportunities per owner for Account Executive."
"meas.opps_per_owner_avg_am","Returns the average number of opportunities per owner for Account Manager."
"meas.opps_per_owner_avg_mgmt","Returns the average number of opportunities per owner for Management."
"meas.opps_per_owner_avg_other","Returns the average number of opportunities per owner for Other Roles."
"meas.total_opps_count_dist","Calculates total opportunities count dist in the current reporting context."
"meas.trueai_potential_acv_per_step_avg","Calculates trueai potential acv per step average in the current reporting context."
"meas.ssr_history_sum_opp_renewal_amt","Summarizes sum opportunity renewal amount."
"meas.ssr_history_sum_opp_one_time_amt","Summarizes sum opportunity one time amount."
"meas.ssr_history_sum_opp_cross_sale_amt","Summarizes sum opportunity cross sale amount."
"meas.ssr_history_sum_opp_nd_amt","Summarizes sum opportunity nd amount."
"meas.ssr_history_sum_opp_downgrade_amt","Summarizes sum opportunity downgrade amount."
"meas.ssr_history_sum_opp_expansion_amt","Summarizes sum opportunity expansion amount."
"meas.pipeline_amt_sum","Summarizes pipeline amount sum."
"dbg.cohort_success_intersection","Debug/helper measure used to validate cohort-success intersection logic during model development."
"meas.trueai_curr_acv","Redundant measure - slated for depreciation."
"meas.ssr_funnel_stage_progression","Calculates opportunity progression across funnel stages within the selected reporting context."
"meas.exp_rpts_all_new_logo_deals_count","Calculates the number of New Logo opportunities within the current reporting context."
"meas.exp_rpts_existing_customer_won_deals","Calculates the number of won Existing Customer opportunities within the current reporting context."
"meas.exp_rpts_existing_customer_all_deals","Calculates the number of Existing Customer opportunities within the current reporting context."
"meas.ssr_history_win_rate_existing_customer","Calculates the win rate for Existing Customer opportunities within the current reporting context."
"meas.ssr_history_amt_new_logo_win_rate","Calculates the amount-weighted win rate for New Logo opportunities within the current reporting context."
"meas.ssr_history_pipeline_amt_avg","Calculates average pipeline amount within the current reporting context."
"meas.ssr_history_vi_value_delivered","Calculates value delivered within the current reporting context."
"meas.ssr_history_unique_reps_count_prospecting","Calculates the number of unique representatives in Prospecting within the current reporting context."
"meas.most_involved_rep","Returns the representative with the highest activity involvement in the current reporting context."
"meas.loss_reason_lost_opps_with_reason","Counts closed-lost opportunities with a populated loss reason."
"meas.loss_reason_population_coverage_pct","Calculates loss-reason population coverage as factor1 divided by factor2, capped at 1."
"meas.loss_reason_population_coverage_pct_new","Calculates loss-reason population coverage for closed-lost opportunities."
