"measure","inbound_measure_refs","dependent_measures","report_refs","visual_refs"
"meas.ai_score_kpi1","0","","0","0"
"meas.ai_score_kpi2","0","","0","0"
"meas.calc_hyp1_kpi1_denominator","2","meas.KPI 1Denominator; meas.KPI 1Denominator_Value","0","0"
"meas.calc_hyp1_kpi1_denominator_count","1","meas.heatmap_kpi1_record_count","0","0"
"meas.calc_hyp1_kpi1_nominator","2","meas.KPI 1Nominator; meas.KPI 1Nominator_Value","0","0"
"meas.calc_hyp1_kpi2_denominator","2","meas.KPI 2Denominator; meas.KPI 2Denominator_Value","0","0"
"meas.calc_hyp1_kpi2_denominator_count","1","meas.heatmap_kpi2_record_count","0","0"
"meas.calc_hyp1_kpi2_nominator","2","meas.KPI 2Nominator; meas.KPI 2Nominator_Value","0","0"
"meas.calc_hyp10_kpi1_denominator","2","meas.KPI 1Denominator; meas.KPI 1Denominator_Value","0","0"
"meas.calc_hyp10_kpi1_denominator_count","1","meas.heatmap_kpi1_record_count","0","0"
"meas.calc_hyp10_kpi1_nominator","2","meas.KPI 1Nominator; meas.KPI 1Nominator_Value","0","0"
"meas.calc_hyp10_kpi2_denominator","2","meas.KPI 2Denominator; meas.KPI 2Denominator_Value","0","0"
"meas.calc_hyp10_kpi2_nominator","2","meas.KPI 2Nominator; meas.KPI 2Nominator_Value","0","0"
"meas.calc_hyp10_kpi2_nominator_count","1","meas.heatmap_kpi2_record_count","0","0"
"meas.calc_hyp11_kpi1_denominator","2","meas.KPI 1Denominator; meas.KPI 1Denominator_Value","0","0"
"meas.calc_hyp11_kpi1_nominator","2","meas.KPI 1Nominator; meas.KPI 1Nominator_Value","0","0"
"meas.calc_hyp11_kpi1_nominator_count","1","meas.heatmap_kpi1_record_count","0","0"
"meas.calc_hyp11_kpi2_denominator","2","meas.KPI 2Denominator; meas.KPI 2Denominator_Value","0","0"
"meas.calc_hyp11_kpi2_nominator","2","meas.KPI 2Nominator; meas.KPI 2Nominator_Value","0","0"
"meas.calc_hyp11_kpi2_nominator_count","1","meas.heatmap_kpi2_record_count","0","0"
"meas.calc_hyp12_kpi1_denominator","2","meas.KPI 1Denominator; meas.KPI 1Denominator_Value","0","0"
"meas.calc_hyp12_kpi1_denominator_count","1","meas.heatmap_kpi1_record_count","0","0"
"meas.calc_hyp12_kpi1_nominator","2","meas.KPI 1Nominator; meas.KPI 1Nominator_Value","0","0"
"meas.calc_hyp12_kpi2_denominator","2","meas.KPI 2Denominator; meas.KPI 2Denominator_Value","0","0"
"meas.calc_hyp12_kpi2_denominator_count","1","meas.heatmap_kpi2_record_count","0","0"
"meas.calc_hyp12_kpi2_nominator","2","meas.KPI 2Nominator; meas.KPI 2Nominator_Value","0","0"
"meas.calc_hyp13_kpi1_denominator","2","meas.KPI 1Denominator; meas.KPI 1Denominator_Value","0","0"
"meas.calc_hyp13_kpi1_nominator","2","meas.KPI 1Nominator; meas.KPI 1Nominator_Value","0","0"
"meas.calc_hyp13_kpi1_nominator_count","1","meas.heatmap_kpi1_record_count","0","0"
"meas.calc_hyp13_kpi2_denominator","2","meas.KPI 2Denominator; meas.KPI 2Denominator_Value","0","0"
"meas.calc_hyp13_kpi2_nominator","2","meas.KPI 2Nominator; meas.KPI 2Nominator_Value","0","0"
"meas.calc_hyp13_kpi2_nominator_count","1","meas.heatmap_kpi2_record_count","0","0"
"meas.calc_hyp14_kpi1_denominator","2","meas.KPI 1Denominator; meas.KPI 1Denominator_Value","0","0"
"meas.calc_hyp14_kpi1_nominator","2","meas.KPI 1Nominator; meas.KPI 1Nominator_Value","0","0"
"meas.calc_hyp14_kpi1_nominator_count","1","meas.heatmap_kpi1_record_count","0","0"
"meas.calc_hyp14_kpi2_denominator","2","meas.KPI 2Denominator; meas.KPI 2Denominator_Value","0","0"
"meas.calc_hyp14_kpi2_nominator","2","meas.KPI 2Nominator; meas.KPI 2Nominator_Value","0","0"
"meas.calc_hyp15_kpi1_denominator","2","meas.KPI 1Denominator; meas.KPI 1Denominator_Value","0","0"
"meas.calc_hyp15_kpi1_denominator_count","1","meas.heatmap_kpi1_record_count","0","0"
"meas.calc_hyp15_kpi1_nominator","2","meas.KPI 1Nominator; meas.KPI 1Nominator_Value","0","0"
"meas.calc_hyp15_kpi2_denominator","2","meas.KPI 2Denominator; meas.KPI 2Denominator_Value","0","0"
"meas.calc_hyp15_kpi2_nominator","2","meas.KPI 2Nominator; meas.KPI 2Nominator_Value","0","0"
"meas.calc_hyp16_kpi1_denominator","3","meas.calc_hyp16_kpi1_denominator_count; meas.KPI 1Denominator; meas.KPI 1Denominator_Value","0","0"
"meas.calc_hyp16_kpi1_denominator_count","1","meas.heatmap_kpi1_record_count","0","0"
"meas.calc_hyp16_kpi1_nominator","3","meas.calc_hyp16_kpi1_denominator_count; meas.KPI 1Nominator; meas.KPI 1Nominator_Value","0","0"
"meas.calc_hyp16_kpi2_denominator","3","meas.calc_hyp16_kpi2_denominator_count; meas.KPI 2Denominator; meas.KPI 2Denominator_Value","0","0"
"meas.calc_hyp16_kpi2_denominator_count","1","meas.heatmap_kpi2_record_count","0","0"
"meas.calc_hyp16_kpi2_nominator","4","meas.calc_hyp16_kpi2_denominator; meas.calc_hyp16_kpi2_denominator_count; meas.KPI 2Nominator; meas.KPI 2Nominator_Value","0","0"
"meas.calc_hyp17_kpi1_denominator","2","meas.KPI 1Denominator; meas.KPI 1Denominator_Value","0","0"
"meas.calc_hyp17_kpi1_denominator_count","1","meas.heatmap_kpi1_record_count","0","0"
"meas.calc_hyp17_kpi1_nominator","2","meas.KPI 1Nominator; meas.KPI 1Nominator_Value","0","0"
"meas.calc_hyp18_kpi1_denominator","2","meas.KPI 1Denominator; meas.KPI 1Denominator_Value","0","0"
"meas.calc_hyp18_kpi1_nominator","2","meas.KPI 1Nominator; meas.KPI 1Nominator_Value","0","0"
"meas.calc_hyp18_kpi1_nominator_count","1","meas.heatmap_kpi1_record_count","0","0"
"meas.calc_hyp2_kpi1_denominator","2","meas.KPI 1Denominator; meas.KPI 1Denominator_Value","0","0"
"meas.calc_hyp2_kpi1_nominator","2","meas.KPI 1Nominator; meas.KPI 1Nominator_Value","0","0"
"meas.calc_hyp2_kpi1_nominator_count","1","meas.heatmap_kpi1_record_count","0","0"
"meas.calc_hyp2_kpi2_denominator","2","meas.KPI 2Denominator; meas.KPI 2Denominator_Value","0","0"
"meas.calc_hyp2_kpi2_nominator","2","meas.KPI 2Nominator; meas.KPI 2Nominator_Value","0","0"
"meas.calc_hyp2_kpi2_nominator_count","0","","0","0"
"meas.calc_hyp3_kpi1_denominator","2","meas.KPI 1Denominator; meas.KPI 1Denominator_Value","0","0"
"meas.calc_hyp3_kpi1_nominator","2","meas.KPI 1Nominator; meas.KPI 1Nominator_Value","0","0"
"meas.calc_hyp3_kpi1_nominator_count","1","meas.heatmap_kpi1_record_count","0","0"
"meas.calc_hyp3_kpi2_denominator","2","meas.KPI 2Denominator; meas.KPI 2Denominator_Value","0","0"
"meas.calc_hyp3_kpi2_nominator","2","meas.KPI 2Nominator; meas.KPI 2Nominator_Value","0","0"
"meas.calc_hyp4_kpi1_denominator","2","meas.KPI 1Denominator; meas.KPI 1Denominator_Value","0","0"
"meas.calc_hyp4_kpi1_nominator","2","meas.KPI 1Nominator; meas.KPI 1Nominator_Value","0","0"
"meas.calc_hyp4_kpi1_nominator_count","1","meas.heatmap_kpi1_record_count","0","0"
"meas.calc_hyp4_kpi2_denominator","2","meas.KPI 2Denominator; meas.KPI 2Denominator_Value","0","0"
"meas.calc_hyp4_kpi2_nominator","2","meas.KPI 2Nominator; meas.KPI 2Nominator_Value","0","0"
"meas.calc_hyp5_kpi1_denominator","2","meas.KPI 1Denominator; meas.KPI 1Denominator_Value","0","0"
"meas.calc_hyp5_kpi1_nominator","2","meas.KPI 1Nominator; meas.KPI 1Nominator_Value","0","0"
"meas.calc_hyp5_kpi1_nominator_count","1","meas.heatmap_kpi1_record_count","0","0"
"meas.calc_hyp5_kpi2_denominator","2","meas.KPI 2Denominator; meas.KPI 2Denominator_Value","0","0"
"meas.calc_hyp5_kpi2_nominator","2","meas.KPI 2Nominator; meas.KPI 2Nominator_Value","0","0"
"meas.calc_hyp6_kpi1_denominator","2","meas.KPI 1Denominator; meas.KPI 1Denominator_Value","0","0"
"meas.calc_hyp6_kpi1_denominator_count","1","meas.heatmap_kpi1_record_count","0","0"
"meas.calc_hyp6_kpi1_nominator","2","meas.KPI 1Nominator; meas.KPI 1Nominator_Value","0","0"
"meas.calc_hyp6_kpi2_denominator","2","meas.KPI 2Denominator; meas.KPI 2Denominator_Value","0","0"
"meas.calc_hyp6_kpi2_denominator_count","1","meas.heatmap_kpi2_record_count","0","0"
"meas.calc_hyp6_kpi2_nominator","2","meas.KPI 2Nominator; meas.KPI 2Nominator_Value","0","0"
"meas.calc_hyp7_kpi1_denominator","2","meas.KPI 1Denominator; meas.KPI 1Denominator_Value","0","0"
"meas.calc_hyp7_kpi1_denominator_count","1","meas.heatmap_kpi1_record_count","0","0"
"meas.calc_hyp7_kpi1_nominator","2","meas.KPI 1Nominator; meas.KPI 1Nominator_Value","0","0"
"meas.calc_hyp7_kpi2_denominator","2","meas.KPI 2Denominator; meas.KPI 2Denominator_Value","0","0"
"meas.calc_hyp7_kpi2_nominator","2","meas.KPI 2Nominator; meas.KPI 2Nominator_Value","0","0"
"meas.calc_hyp8_kpi1_denominator","2","meas.KPI 1Denominator; meas.KPI 1Denominator_Value","0","0"
"meas.calc_hyp8_kpi1_denominator_count","1","meas.heatmap_kpi1_record_count","0","0"
"meas.calc_hyp8_kpi1_nominator","2","meas.KPI 1Nominator; meas.KPI 1Nominator_Value","0","0"
"meas.calc_hyp8_kpi2_denominator","2","meas.KPI 2Denominator; meas.KPI 2Denominator_Value","0","0"
"meas.calc_hyp8_kpi2_nominator","2","meas.KPI 2Nominator; meas.KPI 2Nominator_Value","0","0"
"meas.calc_hyp8_kpi2_nominator_count","1","meas.heatmap_kpi2_record_count","0","0"
"meas.calc_hyp9_kpi1_denominator","2","meas.KPI 1Denominator; meas.KPI 1Denominator_Value","0","0"
"meas.calc_hyp9_kpi1_denominator_count","1","meas.heatmap_kpi1_record_count","0","0"
"meas.calc_hyp9_kpi1_nominator","2","meas.KPI 1Nominator; meas.KPI 1Nominator_Value","0","0"
"meas.calc_hyp9_kpi2_denominator","2","meas.KPI 2Denominator; meas.KPI 2Denominator_Value","0","0"
"meas.calc_hyp9_kpi2_nominator","2","meas.KPI 2Nominator; meas.KPI 2Nominator_Value","0","0"
"meas.calc_hyp9_kpi2_nominator_count","1","meas.heatmap_kpi2_record_count","0","0"
"meas.check_kpi1_kpi2_weight","0","","0","0"
"meas.combined_score_concatenated","0","","0","0"
"meas.combined_score_top","0","","0","0"
"meas.combined_score_top_w_text","0","","0","0"
"meas.get_category_base64","0","","0","0"
"meas.get_growth_category","1","meas.get_category_base64","0","0"
"meas.getHeatmapConditionalColor","0","","0","0"
"meas.getHeatmapConditionalColor_new","0","","0","0"
"meas.getHeatmapKPI_AIScore","7","meas.getHeatmapConditionalColor; meas.getHeatmapConditionalColor_new; meas.getHeatmapScore; meas.heatmap_details_ai_model_score_validation; meas.heatmap_details_score_new; meas.heatmap_details_score_w_na_nd; meas.hypothesis_is_confirmed_details","0","0"
"meas.getHeatmapKPI1_formula_used","0","","0","0"
"meas.getHeatmapKPI2_formula_used","0","","0","0"
"meas.getHeatmapRawScore","4","meas.getHeatmapScore; meas.heatmap_details_score_new; meas.heatmap_rounded_score","0","0"
"meas.getHeatmapScore","3","meas.getHeatmapConditionalColor; meas.heatmap_details_score; meas.hypothesis_is_confirmed_details","0","0"
"meas.getKP2_Score_chng","0","","0","0"
"meas.heatmap_booking_growth_rate","0","","0","0"
"meas.heatmap_combined_record_count_flag","2","meas.heatmap_details_score_new; meas.heatmap_details_score_w_na_nd","0","0"
"meas.heatmap_details_ai_model_score_validation","0","","0","0"
"meas.heatmap_details_description","0","","0","0"
"meas.heatmap_details_growth_category","2","meas.heatmap_details_growth_category_base64; meas.heatmap_details_growth_category_hypo_name","0","0"
"meas.heatmap_details_growth_category_base64","0","","0","0"
"meas.heatmap_details_growth_category_hypo_name","0","","0","0"
"meas.heatmap_details_hypothesis_confirmed","0","","0","0"
"meas.heatmap_details_hypothesis_id","0","","0","0"
"meas.heatmap_details_KPI 1_denominator_value","0","","0","0"
"meas.heatmap_details_KPI 1_nominator_value","0","","0","0"
"meas.heatmap_details_KPI 1_Score_value","0","","0","0"
"meas.heatmap_details_KPI 1_value","0","","0","0"
"meas.heatmap_details_KPI 2_denominator_value","0","","0","0"
"meas.heatmap_details_KPI 2_nominator_value","0","","0","0"
"meas.heatmap_details_KPI 2_Score_value","0","","0","0"
"meas.heatmap_details_KPI 2_value","0","","0","0"
"meas.heatmap_details_kpi_report_location","0","","0","0"
"meas.heatmap_details_kpi_screen","0","","0","0"
"meas.heatmap_details_kpi1_ai_score_name","0","","0","0"
"meas.heatmap_details_kpi1_calculation","0","","0","0"
"meas.heatmap_details_kpi1_def_short","0","","0","0"
"meas.heatmap_details_kpi1_denominator_def","2","meas.heatmap_details_kpi1_calculation; meas.how_kpi1_calculated","0","0"
"meas.heatmap_details_kpi1_long_def","0","","0","0"
"meas.heatmap_details_kpi1_max_value","0","","0","0"
"meas.heatmap_details_kpi1_min_value","0","","0","0"
"meas.heatmap_details_kpi1_nominator_def","2","meas.heatmap_details_kpi1_calculation; meas.how_kpi1_calculated","0","0"
"meas.heatmap_details_kpi1_reference_value","0","","0","0"
"meas.heatmap_details_kpi1_score_calculation","0","","0","0"
"meas.heatmap_details_kpi1_score_trend_calculation","0","","0","0"
"meas.heatmap_details_kpi1_standard_dev_value","0","","0","0"
"meas.heatmap_details_kpi1_value_trend","0","","0","0"
"meas.heatmap_details_kpi1_weight_value","3","meas.kpi_combined_score; meas.kpi_combined_score_calculation; meas.kpi_score_combined_text","0","0"
"meas.heatmap_details_kpi1_whats_better","2","meas.kpi1_value_delta_concatenated; meas.kpi1_value_delta_top","0","0"
"meas.heatmap_details_kpi2_ai_score_name","0","","0","0"
"meas.heatmap_details_kpi2_calculation","0","","0","0"
"meas.heatmap_details_kpi2_def_short","0","","0","0"
"meas.heatmap_details_kpi2_denominator_def","2","meas.heatmap_details_kpi2_calculation; meas.how_kpi2_calculated","0","0"
"meas.heatmap_details_kpi2_long_def","0","","0","0"
"meas.heatmap_details_kpi2_max_value","0","","0","0"
"meas.heatmap_details_kpi2_min_value","0","","0","0"
"meas.heatmap_details_kpi2_nominator_def","2","meas.heatmap_details_kpi2_calculation; meas.how_kpi2_calculated","0","0"
"meas.heatmap_details_kpi2_reference_value","0","","0","0"
"meas.heatmap_details_kpi2_score_calculation","0","","0","0"
"meas.heatmap_details_kpi2_score_trend_calculation","0","","0","0"
"meas.heatmap_details_kpi2_standard_dev_value","0","","0","0"
"meas.heatmap_details_kpi2_value_trend","0","","0","0"
"meas.heatmap_details_kpi2_weight_value","11","meas.getHeatmapRawScore; meas.how_kpi2_component_considered; meas.hypothesis_final_score; meas.kpi_combined_score; meas.kpi_combined_score_calculation; meas.kpi_score_combined_text","0","0"
"meas.heatmap_details_kpi2_whats_better","2","meas.kpi2_value_delta_concatenated; meas.kpi2_value_delta_top","0","0"
"meas.heatmap_details_name","1","meas.heatmap_details_growth_category_hypo_name","0","0"
"meas.heatmap_details_score","0","","0","0"
"meas.heatmap_details_score_new","3","meas.getHeatmapConditionalColor_new; meas.heatmap_details_score_used_analysis; meas.hypothesis_is_confirmed","0","0"
"meas.heatmap_details_score_used_analysis","0","","0","0"
"meas.heatmap_details_score_w_na_nd","0","","0","0"
"meas.heatmap_kpi1_min_record_count","2","meas._test_number; meas.heatmap_kpi1_record_count_flag","0","0"
"meas.heatmap_kpi1_min_record_factor_name","0","","0","0"
"meas.heatmap_kpi1_record_count","2","meas._test_number; meas.heatmap_kpi1_record_count_flag","0","0"
"meas.heatmap_kpi1_record_count_flag","1","meas.heatmap_combined_record_count_flag","0","0"
"meas.heatmap_kpi2_min_record_count","2","meas._test_number; meas.heatmap_kpi2_record_count_flag","0","0"
"meas.heatmap_kpi2_min_record_factor_name","0","","0","0"
"meas.heatmap_kpi2_record_count","2","meas._test_number; meas.heatmap_kpi2_record_count_flag","0","0"
"meas.heatmap_kpi2_record_count_flag","1","meas.heatmap_combined_record_count_flag","0","0"
"meas.heatmap_rounded_score","1","meas.heatmap_details_score_w_na_nd","0","0"
"meas.heatmap_trust_data_pi","0","","0","0"
"meas.how_kpi1_calculated","0","","0","0"
"meas.how_kpi1_component_considered","0","","0","0"
"meas.how_kpi1_score_calculation","0","","0","0"
"meas.how_kpi2_calculated","0","","0","0"
"meas.how_kpi2_component_considered","0","","0","0"
"meas.how_kpi2_score_calculation","0","","0","0"
"meas.hypothesis_final_score","0","","0","0"
"meas.hypothesis_is_confirmed","1","meas.heatmap_details_hypothesis_confirmed","0","0"
"meas.hypothesis_is_confirmed_details","0","","0","0"
"meas.KPI 1","8","meas.getHeatmapKPI1_formula_used; meas.heatmap_details_KPI 1_value; meas.heatmap_details_kpi1_calculation; meas.how_kpi1_calculated; meas.how_kpi1_score_calculation; meas.KPI 1_score; meas.KPI 1_value_cy; meas.KPI 1_value_sply","0","0"
"meas.KPI 1_score","9","meas.getHeatmapKPI1_formula_used; meas.getHeatmapRawScore; meas.heatmap_details_KPI 1_Score_value; meas.how_kpi1_score_calculation; meas.hypothesis_final_score; meas.KPI 1_Score_change_pct; meas.KPI 1_score_cy; meas.KPI 1_score_sply","0","0"
"meas.KPI 1_Score_change_pct","0","","0","0"
"meas.KPI 1_score_cy","5","meas.heatmap_details_kpi1_score_trend_calculation; meas.KPI 1_score_cy_5q; meas.KPI 1_score_delta; meas.kpi1_score_cy; meas.kpi1_score_last_3_month","0","0"
"meas.KPI 1_score_cy_5q","0","","0","0"
"meas.KPI 1_score_delta","5","meas.heatmap_details_kpi1_score_trend_calculation; meas.kpi_combined_score; meas.kpi_combined_score_calculation; meas.kpi_score_combined_text; meas.kpi1_score_change_text","0","0"
"meas.KPI 1_score_sply","3","meas.heatmap_details_kpi1_score_trend_calculation; meas.KPI 1_score_delta; meas.kpi1_score_last_3_prior_month","0","0"
"meas.KPI 1_value_cy","2","meas.heatmap_details_kpi1_value_trend; meas.KPI 1_value_delta","0","0"
"meas.KPI 1_value_delta","2","meas.kpi1_value_delta_concatenated; meas.kpi1_value_delta_top","0","0"
"meas.KPI 1_value_sply","2","meas.heatmap_details_kpi1_value_trend; meas.KPI 1_value_delta","0","0"
"meas.KPI 1Denominator","3","meas.heatmap_details_KPI 1_denominator_value; meas.heatmap_details_kpi1_calculation; meas.how_kpi1_calculated","0","0"
"meas.KPI 1Denominator_Value","1","meas.KPI 1","0","0"
"meas.KPI 1Nominator","3","meas.heatmap_details_KPI 1_nominator_value; meas.heatmap_details_kpi1_calculation; meas.how_kpi1_calculated","0","0"
"meas.KPI 1Nominator_Value","1","meas.KPI 1","0","0"
"meas.KPI 1Weight","1","meas.check_kpi1_kpi2_weight","0","0"
"meas.KPI 2","7","meas.heatmap_details_KPI 2_value; meas.heatmap_details_kpi2_calculation; meas.how_kpi2_calculated; meas.how_kpi2_score_calculation; meas.KPI 2_score; meas.KPI 2_value_cy; meas.KPI 2_value_sply","0","0"
"meas.KPI 2_score","8","meas.getHeatmapRawScore; meas.heatmap_details_KPI 2_Score_value; meas.how_kpi2_score_calculation; meas.hypothesis_final_score; meas.KPI 2_Score_change_pct; meas.KPI 2_score_cy; meas.KPI 2_score_sply","0","0"
"meas.KPI 2_Score_change_pct","0","","0","0"
"meas.KPI 2_score_cy","5","meas.getKP2_Score_chng; meas.heatmap_details_kpi2_score_trend_calculation; meas.KPI 2_score_cy_5q; meas.KPI 2_score_delta; meas.kpi2_score_last_3_month","0","0"
"meas.KPI 2_score_cy_5q","0","","0","0"
"meas.KPI 2_score_delta","5","meas.heatmap_details_kpi2_score_trend_calculation; meas.kpi_combined_score; meas.kpi_combined_score_calculation; meas.kpi_score_combined_text; meas.kpi2_score_change_text","0","0"
"meas.KPI 2_score_sply","4","meas.getKP2_Score_chng; meas.heatmap_details_kpi2_score_trend_calculation; meas.KPI 2_score_delta; meas.kpi2_score_last_3_prior_month","0","0"
"meas.KPI 2_value_cy","2","meas.heatmap_details_kpi2_value_trend; meas.KPI 2_value_delta","0","0"
"meas.KPI 2_value_delta","2","meas.kpi2_value_delta_concatenated; meas.kpi2_value_delta_top","0","0"
"meas.KPI 2_value_sply","2","meas.heatmap_details_kpi2_value_trend; meas.KPI 2_value_delta","0","0"
"meas.KPI 2Denominator","4","meas.heatmap_details_KPI 2_denominator_value; meas.heatmap_details_kpi2_calculation; meas.how_kpi2_calculated; meas.how_kpi2_component_considered","0","0"
"meas.KPI 2Denominator_Value","1","meas.KPI 2","0","0"
"meas.KPI 2Nominator","4","meas.heatmap_details_KPI 2_nominator_value; meas.heatmap_details_kpi2_calculation; meas.how_kpi2_calculated; meas.how_kpi2_component_considered","0","0"
"meas.KPI 2Nominator_Value","1","meas.KPI 2","0","0"
"meas.KPI 2Weight","2","meas.check_kpi1_kpi2_weight; meas.heatmap_details_kpi2_weight_value","0","0"
"meas.kpi_combined_score","9","meas.combined_score_concatenated; meas.combined_score_top; meas.combined_score_top_w_text; meas.loading","0","0"
"meas.kpi_combined_score_calculation","0","","0","0"
"meas.kpi_score_combined_text","0","","0","0"
"meas.KPI1_AI_score_bucket","2","meas.ai_score_kpi1; meas.kpi1_ai_score_trust","0","0"
"meas.kpi1_ai_score_trust","0","","0","0"
"meas.kpi1_ai_score_trust_value","5","meas.ai_score_kpi1; meas.getHeatmapKPI_AIScore; meas.heatmap_trust_data_pi; meas.KPI1_AI_score_bucket; meas.kpi1_ai_score_trust","0","0"
"meas.kpi1_score_change_text","0","","0","0"
"meas.kpi1_score_cy","0","","0","0"
"meas.kpi1_score_last_3_month","0","","0","0"
"meas.kpi1_score_last_3_prior_month","0","","0","0"
"meas.kpi1_value_delta_concatenated","1","meas.kpi1_value_delta_top","0","0"
"meas.kpi1_value_delta_top","0","","0","0"
"meas.KPI2_AI_score_bucket","2","meas.ai_score_kpi2; meas.kpi2_ai_score_trust","0","0"
"meas.kpi2_ai_score_trust","0","","0","0"
"meas.kpi2_ai_score_trust_value","5","meas.ai_score_kpi2; meas.getHeatmapKPI_AIScore; meas.heatmap_trust_data_pi; meas.KPI2_AI_score_bucket; meas.kpi2_ai_score_trust","0","0"
"meas.kpi2_score_change_text","0","","0","0"
"meas.kpi2_score_last_3_month","0","","0","0"
"meas.kpi2_score_last_3_prior_month","0","","0","0"
"meas.kpi2_value_delta_concatenated","1","meas.kpi2_value_delta_top","0","0"
"meas.kpi2_value_delta_top","0","","0","0"
"meas.loading","0","","0","0"
"meas.stakeholder_num_flag","1","meas.heatmap_combined_record_count_flag","0","0"
"meas.trueai_kpi1_max","4","meas.getHeatmapKPI1_formula_used; meas.heatmap_details_kpi1_score_calculation; meas.how_kpi1_score_calculation; meas.KPI 1_score","0","0"
"meas.trueai_kpi1_min","4","meas.getHeatmapKPI1_formula_used; meas.heatmap_details_kpi1_score_calculation; meas.how_kpi1_score_calculation; meas.KPI 1_score","0","0"
"meas.trueai_kpi1_ref_value","6","meas.getHeatmapKPI1_formula_used; meas.heatmap_details_kpi1_score_calculation; meas.how_kpi1_score_calculation; meas.KPI 1_score; meas.kpi1_value_delta_concatenated; meas.kpi1_value_delta_top","0","0"
"meas.trueai_kpi1_sd","4","meas.getHeatmapKPI1_formula_used; meas.heatmap_details_kpi1_score_calculation; meas.how_kpi1_score_calculation; meas.KPI 1_score","0","0"
"meas.trueai_kpi2_max","4","meas.heatmap_details_kpi2_score_calculation; meas.how_kpi2_score_calculation; meas.KPI 2_score","0","0"
"meas.trueai_kpi2_min","4","meas.heatmap_details_kpi2_score_calculation; meas.how_kpi2_score_calculation; meas.KPI 2_score","0","0"
"meas.trueai_kpi2_ref_value","5","meas.heatmap_details_kpi2_score_calculation; meas.how_kpi2_score_calculation; meas.kpi2_value_delta_concatenated; meas.kpi2_value_delta_top","0","0"
"meas.trueai_kpi2_sd","3","meas.heatmap_details_kpi2_score_calculation; meas.how_kpi2_score_calculation","0","0"
