"measure","table","inbound_measure_refs","report_refs","visual_refs"
"dbg.cohort_success_intersection","ssr_history","0","0","0"
"meas.active_list_owner_user_role_aliased","ssr_history","0","0","0"
"meas.adj_dur_confidence","ssr_history","0","0","0"
"meas.adj_dur_confidence_status_number","ssr_history","0","0","0"
"meas.aliasing_label","ssr_history","0","0","0"
"meas.aliasing_label_entity_cust_field_1","ssr_history","0","0","0"
"meas.aliasing_labels_cust_field","ssr_history","0","0","0"
"meas.all_stkhlds_count","ssr_history","0","0","0"
"meas.all_stkhlds_title","ssr_history","0","0","0"
"meas.annual_booking_mrr_existing_customer_selling_won_amt","ssr_history","0","0","0"
"meas.annual_booking_mrr_new_logo_won_amt","ssr_history","0","0","0"
"meas.annual_booking_mrr_won_amt","ssr_history","0","0","0"
"meas.annual_booking_mrr_won_amt_text","ssr_history","0","0","0"
"meas.avg_time_spent_per_deal_ratio_existing_customer_selling","ssr_history","0","0","0"
"meas.avg_time_spent_per_deal_ratio_new_logo_selling","ssr_history","0","0","0"
"meas.avg_time_spent_per_deal_ratio_post_sales_support","ssr_history","0","0","0"
"meas.avg_time_spent_per_deal_ratio_prospecting","ssr_history","0","0","0"
"meas.bucket_num","ssr_history","0","0","0"
"meas.count_greater_than_thresh","ssr_history","0","0","0"
"meas.crm_currency","ssr_history","0","0","0"
"meas.crm_name","ssr_history","0","0","0"
"meas.exp_rpts_all_closed_deals","ssr_history","0","0","0"
"meas.exp_rpts_all_expected_win_rate","ssr_history","0","0","0"
"meas.exp_rpts_all_lead_gen","ssr_history","0","0","0"
"meas.exp_rpts_all_new_logo_deals_count","ssr_history","0","0","0"
"meas.exp_rpts_all_new_logo_won_amt","ssr_history","0","0","0"
"meas.exp_rpts_all_pipeline_amt","ssr_history","0","0","0"
"meas.exp_rpts_all_won_amt","ssr_history","0","0","0"
"meas.exp_rpts_current_year_closed_deals","ssr_history","0","0","0"
"meas.exp_rpts_current_year_expected_win_rate","ssr_history","0","0","0"
"meas.exp_rpts_current_year_lead_gen","ssr_history","0","0","0"
"meas.exp_rpts_current_year_new_logo_won_amt","ssr_history","0","0","0"
"meas.exp_rpts_current_year_new_logo_won_deals","ssr_history","0","0","0"
"meas.exp_rpts_current_year_pipeline_amt","ssr_history","0","0","0"
"meas.exp_rpts_current_year_won_amt","ssr_history","0","0","0"
"meas.exp_rpts_current_year_won_deals","ssr_history","0","0","0"
"meas.exp_rpts_existing_customer_all_deals","ssr_history","0","0","0"
"meas.exp_rpts_last_year_closed_deals","ssr_history","0","0","0"
"meas.exp_rpts_last_year_expected_win_rate","ssr_history","0","0","0"
"meas.exp_rpts_last_year_lead_gen","ssr_history","0","0","0"
"meas.exp_rpts_last_year_new_logo_won_amt","ssr_history","0","0","0"
"meas.exp_rpts_last_year_new_logo_won_deals","ssr_history","0","0","0"
"meas.exp_rpts_last_year_pipeline_amt","ssr_history","0","0","0"
"meas.exp_rpts_last_year_won_amt","ssr_history","0","0","0"
"meas.exp_rpts_last_year_won_deals","ssr_history","0","0","0"
"meas.exp_rpts_prior_to_last_year_closed_deals","ssr_history","0","0","0"
"meas.exp_rpts_prior_to_last_year_expected_win_rate","ssr_history","0","0","0"
"meas.exp_rpts_prior_to_last_year_lead_gen","ssr_history","0","0","0"
"meas.exp_rpts_prior_to_last_year_new_logo_won_amt","ssr_history","0","0","0"
"meas.exp_rpts_prior_to_last_year_new_logo_won_deals","ssr_history","0","0","0"
"meas.exp_rpts_prior_to_last_year_pipeline_amt","ssr_history","0","0","0"
"meas.exp_rpts_prior_to_last_year_won_amt","ssr_history","0","0","0"
"meas.exp_rpts_prior_to_last_year_won_deals","ssr_history","0","0","0"
"meas.filter_cal_start_dates_with_end_date","ssr_history","0","0","0"
"meas.loss_reason_population_coverage_pct","ssr_history","0","0","0"
"meas.loss_reason_population_coverage_pct_new","ssr_history","0","0","0"
"meas.manager_direct_active_mgr_full_name","ssr_history","0","0","0"
"meas.most_involved_rep","ssr_history","0","0","0"
"meas.open_leads_tbl_title","ssr_history","0","0","0"
"meas.opps_addr_location","ssr_history","0","0","0"
"meas.opps_asof_open_pipeline_amt","ssr_history","0","0","0"
"meas.opps_asof_open_pipeline_count","ssr_history","0","0","0"
"meas.opps_asof_open_pipeline_expected_value","ssr_history","0","0","0"
"meas.opps_average_won_amt","ssr_history","0","0","0"
"meas.opps_closed_date","ssr_history","0","0","0"
"meas.opps_per_acts_avg","ssr_history","0","0","0"
"meas.opps_per_acts_avg_ae","ssr_history","0","0","0"
"meas.opps_per_acts_avg_am","ssr_history","0","0","0"
"meas.opps_per_acts_avg_mgmt","ssr_history","0","0","0"
"meas.opps_per_acts_avg_other","ssr_history","0","0","0"
"meas.opps_per_acts_avg_sdr","ssr_history","0","0","0"
"meas.opps_per_dur_hrs_avg","ssr_history","0","0","0"
"meas.opps_per_dur_hrs_avg_ae","ssr_history","0","0","0"
"meas.opps_per_dur_hrs_avg_am","ssr_history","0","0","0"
"meas.opps_per_dur_hrs_avg_mgmt","ssr_history","0","0","0"
"meas.opps_per_dur_hrs_avg_other","ssr_history","0","0","0"
"meas.opps_per_dur_hrs_avg_sdr","ssr_history","0","0","0"
"meas.opps_per_owner_avg","ssr_history","0","0","0"
"meas.opps_per_owner_avg_ae","ssr_history","0","0","0"
"meas.opps_per_owner_avg_am","ssr_history","0","0","0"
"meas.opps_per_owner_avg_mgmt","ssr_history","0","0","0"
"meas.opps_per_owner_avg_other","ssr_history","0","0","0"
"meas.opps_trueai_book_amt","ssr_history","0","0","0"
"meas.opps_trueai_sales_type","ssr_history","0","0","0"
"meas.opps_trueai_stage","ssr_history","0","0","0"
"meas.owner_full_name","ssr_history","0","0","0"
"meas.pipeline_amt_sum","ssr_history","0","0","0"
"meas.sales_booking_amt","ssr_history","0","0","0"
"meas.ssr_first_touch_date","ssr_history","0","0","0"
"meas.ssr_funnel_stage_progression","ssr_history","0","0","0"
"meas.ssr_history_acct_count_existing_customer_selling","ssr_history","0","0","0"
"meas.ssr_history_acct_count_new_logo","ssr_history","0","0","0"
"meas.ssr_history_acct_count_post_sales","ssr_history","0","0","0"
"meas.ssr_history_acct_count_prospecting","ssr_history","0","0","0"
"meas.ssr_history_acct_count_untouched","ssr_history","0","0","0"
"meas.ssr_history_accts_per_rep","ssr_history","0","0","0"
"meas.ssr_history_accts_per_rep_existing_business","ssr_history","0","0","0"
"meas.ssr_history_accts_per_rep_existing_business_supported","ssr_history","0","0","0"
"meas.ssr_history_accts_per_rep_existing_business_upsold_to","ssr_history","0","0","0"
"meas.ssr_history_accts_per_rep_existing_business_won","ssr_history","0","0","0"
"meas.ssr_history_accts_per_rep_existing_customer_selling","ssr_history","0","0","0"
"meas.ssr_history_accts_per_rep_new_business","ssr_history","0","0","0"
"meas.ssr_history_accts_per_rep_new_business_won","ssr_history","0","0","0"
"meas.ssr_history_accts_per_rep_new_logo","ssr_history","0","0","0"
"meas.ssr_history_accts_per_rep_new_logo_prospecting","ssr_history","0","0","0"
"meas.ssr_history_accts_per_rep_post_sales","ssr_history","0","0","0"
"meas.ssr_history_accts_per_rep_post_sales_existing_customer_selling","ssr_history","0","0","0"
"meas.ssr_history_accts_per_rep_prospecting","ssr_history","0","0","0"
"meas.ssr_history_active_avg_sales_cycle","ssr_history","0","0","0"
"meas.ssr_history_active_deal_size","ssr_history","0","0","0"
"meas.ssr_history_active_deals_count","ssr_history","0","0","0"
"meas.ssr_history_active_list_reps_count","ssr_history","0","0","0"
"meas.ssr_history_active_open_pipe_amt","ssr_history","0","0","0"
"meas.ssr_history_active_tot_open_pipeline_amt","ssr_history","0","0","0"
"meas.ssr_history_active_user_booking_amt_mtd","ssr_history","0","0","0"
"meas.ssr_history_active_user_booking_amt_qtd","ssr_history","0","0","0"
"meas.ssr_history_active_user_booking_amt_ytd","ssr_history","0","0","0"
"meas.ssr_history_active_user_full_name_role_group","ssr_history","0","0","0"
"meas.ssr_history_active_user_pipeline_amt_mtd","ssr_history","0","0","0"
"meas.ssr_history_active_user_pipeline_amt_qtd","ssr_history","0","0","0"
"meas.ssr_history_active_user_pipeline_amt_ytd","ssr_history","0","0","0"
"meas.ssr_history_all_email_engagement_rate","ssr_history","0","0","0"
"meas.ssr_history_all_meeting_engagement_rate","ssr_history","0","0","0"
"meas.ssr_history_all_phone_call_count","ssr_history","0","0","0"
"meas.ssr_history_all_phone_call_engagement_rate","ssr_history","0","0","0"
"meas.ssr_history_all_reps_count","ssr_history","0","0","0"
"meas.ssr_history_all_social_media_engagement_rate","ssr_history","0","0","0"
"meas.ssr_history_all_social_media_engagement_rate-test","ssr_history","0","0","0"
"meas.ssr_history_asof_open_pipeline_adj_amt_sply_diff","ssr_history","0","0","0"
"meas.ssr_history_asof_open_pipeline_age_sply_diff","ssr_history","0","0","0"
"meas.ssr_history_asof_open_pipeline_amt_sply_diff","ssr_history","0","0","0"
"meas.ssr_history_asof_open_pipeline_count_sply_diff","ssr_history","0","0","0"
"meas.ssr_history_asof_open_pipeline_days_pushed_sply_diff","ssr_history","0","0","0"
"meas.ssr_history_asof_open_pipeline_win_prob_sply_diff","ssr_history","0","0","0"
"meas.ssr_history_avg_act_capt_lvl","ssr_history","0","0","0"
"meas.ssr_history_avg_adj_non_eng_duration_hrs","ssr_history","0","0","0"
"meas.ssr_history_avg_booking_amt","ssr_history","0","0","0"
"meas.ssr_history_avg_initial_actual_amt_diff","ssr_history","0","0","0"
"meas.ssr_history_avg_new_logo_won_amt","ssr_history","0","0","0"
"meas.ssr_history_avg_next_steps_prob","ssr_history","0","0","0"
"meas.ssr_history_avg_opp_initial_booking_amt","ssr_history","0","0","0"
"meas.ssr_history_avg_pred_conv_rate_mtd_sply_diff","ssr_history","0","0","0"
"meas.ssr_history_avg_pred_conv_rate_qtd_sply_diff","ssr_history","0","0","0"
"meas.ssr_history_avg_pred_conv_rate_ytd_sply_diff","ssr_history","0","0","0"
"meas.ssr_history_avg_pushed_pulled_days_diff","ssr_history","0","0","0"
"meas.ssr_history_avg_won_amt_diff","ssr_history","0","0","0"
"meas.ssr_history_avg_won_cycles_days_diff","ssr_history","0","0","0"
"meas.ssr_history_avg_won_existing_customer_selling_amt","ssr_history","0","0","0"
"meas.ssr_history_avg_won_new_logo_amt","ssr_history","0","0","0"
"meas.ssr_history_cal_end_sel_date_count","ssr_history","0","0","0"
"meas.ssr_history_count_sys_doc_id","ssr_history","0","0","0"
"meas.ssr_history_created_first_touched_age","ssr_history","0","0","0"
"meas.ssr_history_duration_hrs_deals","ssr_history","0","0","0"
"meas.ssr_history_duration_hrs_deals_stage","ssr_history","0","0","0"
"meas.ssr_history_duration_hrs_deals_stage_accumulation","ssr_history","0","0","0"
"meas.ssr_history_duration_hrs_existing_customer_selling_sales_process_step","ssr_history","0","0","0"
"meas.ssr_history_duration_hrs_lost_deals","ssr_history","0","0","0"
"meas.ssr_history_duration_hrs_new_logo_sales_process_step","ssr_history","0","0","0"
"meas.ssr_history_duration_hrs_per_acct","ssr_history","0","0","0"
"meas.ssr_history_duration_hrs_per_acct_post_sales_existing_customer_selling","ssr_history","0","0","0"
"meas.ssr_history_duration_hrs_per_acct_prospect_new_logo","ssr_history","0","0","0"
"meas.ssr_history_duration_hrs_per_prior_step","ssr_history","0","0","0"
"meas.ssr_history_duration_hrs_per_step","ssr_history","0","0","0"
"meas.ssr_history_duration_hrs_post_sales_existing_customer_selling","ssr_history","0","0","0"
"meas.ssr_history_duration_hrs_post_sales_sales_process_step","ssr_history","0","0","0"
"meas.ssr_history_duration_hrs_prosp_new_logo","ssr_history","0","0","0"
"meas.ssr_history_duration_hrs_prospecting_sales_process_step","ssr_history","0","0","0"
"meas.ssr_history_duration_hrs_rep_day","ssr_history","0","0","0"
"meas.ssr_history_duration_hrs_rep_week","ssr_history","0","0","0"
"meas.ssr_history_existing_customer_selling_annual_purchases_acct","ssr_history","0","0","0"
"meas.ssr_history_failure_lost_stage_early_count","ssr_history","0","0","0"
"meas.ssr_history_failure_lost_stage_late_count","ssr_history","0","0","0"
"meas.ssr_history_failure_lost_stage_mid_count","ssr_history","0","0","0"
"meas.ssr_history_failure_lost_stage_nd_count","ssr_history","0","0","0"
"meas.ssr_history_first_touched_days","ssr_history","0","0","0"
"meas.ssr_history_generated_pipeline_amt_diff","ssr_history","0","0","0"
"meas.ssr_history_inbound_mkt_leads_touched_ratio","ssr_history","0","0","0"
"meas.ssr_history_is_open_pipeline","ssr_history","0","0","0"
"meas.ssr_history_last_engage_age_days","ssr_history","0","0","0"
"meas.ssr_history_leads_accts_engagement_rate","ssr_history","0","0","0"
"meas.ssr_history_leads_avg_mkt_sales_probability_of_conversion","ssr_history","0","0","0"
"meas.ssr_history_leads_dept_rate","ssr_history","0","0","0"
"meas.ssr_history_leads_gen_vi_vc","ssr_history","0","0","0"
"meas.ssr_history_leads_gen_vi_vc_rate","ssr_history","0","0","0"
"meas.ssr_history_leads_inbound","ssr_history","0","0","0"
"meas.ssr_history_leads_inbound_probability_of_conversion","ssr_history","0","0","0"
"meas.ssr_history_leads_inbound_vi_vc","ssr_history","0","0","0"
"meas.ssr_history_leads_mkt_gen","ssr_history","0","0","0"
"meas.ssr_history_leads_mkt_gen_probability_of_conversion ","ssr_history","0","0","0"
"meas.ssr_history_leads_mkt_gen_vi_vc","ssr_history","0","0","0"
"meas.ssr_history_leads_outbound","ssr_history","0","0","0"
"meas.ssr_history_leads_outbound_probability_of_conversion","ssr_history","0","0","0"
"meas.ssr_history_leads_outbound_vi_vc","ssr_history","0","0","0"
"meas.ssr_history_leads_sales_gen_probability_of_conversion","ssr_history","0","0","0"
"meas.ssr_history_leads_sales_gen_vi_vc","ssr_history","0","0","0"
"meas.ssr_history_leads_touched_avg_days","ssr_history","0","0","0"
"meas.ssr_history_leads_touched_ratio","ssr_history","0","0","0"
"meas.ssr_history_leads_touched_ratio_updated","ssr_history","0","0","0"
"meas.ssr_history_leads_updated","ssr_history","0","0","0"
"meas.ssr_history_lost_amt","ssr_history","0","0","0"
"meas.ssr_history_mgmt_avg_won_amt_per_rep_diff","ssr_history","0","0","0"
"meas.ssr_history_mgmt_expected_win_amt_diff","ssr_history","0","0","0"
"meas.ssr_history_mgmt_leads_gen_conv_rate_diff","ssr_history","0","0","0"
"meas.ssr_history_mgmt_leads_gen_count_diff","ssr_history","0","0","0"
"meas.ssr_history_mgmt_leads_gen_time_diff","ssr_history","0","0","0"
"meas.ssr_history_mgmt_pipeline_amt_diff","ssr_history","0","0","0"
"meas.ssr_history_mgmt_pipeline_avg_amt_diff","ssr_history","0","0","0"
"meas.ssr_history_mgmt_pipeline_avg_win_prob_diff","ssr_history","0","0","0"
"meas.ssr_history_mgmt_pipeline_count_diff","ssr_history","0","0","0"
"meas.ssr_history_mgmt_rpt_leads_gen_conv_rate","ssr_history","0","0","0"
"meas.ssr_history_mgmt_rpt_leads_gen_count","ssr_history","0","0","0"
"meas.ssr_history_mgmt_rpt_next_step_bucket","ssr_history","0","0","0"
"meas.ssr_history_mgmt_rpt_pipeline_amt_mtd_sply_diff","ssr_history","0","0","0"
"meas.ssr_history_mgmt_rpt_pipeline_amt_qtd_sply_diff","ssr_history","0","0","0"
"meas.ssr_history_mgmt_rpt_pipeline_amt_ytd_sply_diff","ssr_history","0","0","0"
"meas.ssr_history_mgmt_rpt_won_amt_mtd_sply_diff","ssr_history","0","0","0"
"meas.ssr_history_mgmt_rpt_won_amt_qtd_sply_diff","ssr_history","0","0","0"
"meas.ssr_history_mgmt_rpt_won_amt_ytd_sply_diff","ssr_history","0","0","0"
"meas.ssr_history_mkt_leads_probability_of_conversion","ssr_history","0","0","0"
"meas.ssr_history_mkt_leads_touched","ssr_history","0","0","0"
"meas.ssr_history_mrr_won_amt","ssr_history","0","0","0"
"meas.ssr_history_mrr_won_amt_existing_customer_selling","ssr_history","0","0","0"
"meas.ssr_history_mrr_won_amt_new_logo","ssr_history","0","0","0"
"meas.ssr_history_new_logo_existing_customer_pipeline_amt","ssr_history","0","0","0"
"meas.ssr_history_not_sales_engineer_success_prob_avg","ssr_history","0","0","0"
"meas.ssr_history_open_leads_accts_propensity_tier","ssr_history","0","0","0"
"meas.ssr_history_open_leads_accts_stkhlds_act_count","ssr_history","0","0","0"
"meas.ssr_history_open_leads_accts_stkhlds_contact_count","ssr_history","0","0","0"
"meas.ssr_history_open_leads_accts_total_dur","ssr_history","0","0","0"
"meas.ssr_history_open_pipeline_amount_eop","ssr_history","0","0","0"
"meas.ssr_history_open_pipeline_count_eop_sply","ssr_history","0","0","0"
"meas.ssr_history_open_pipeline_success_count_eop","ssr_history","0","0","0"
"meas.ssr_history_open_pipeline_win_rate_sply","ssr_history","0","0","0"
"meas.ssr_history_opps_rev_avg_won_amt","ssr_history","0","0","0"
"meas.ssr_history_opps_step_cycle_avg_success","ssr_history","0","0","0"
"meas.ssr_history_owner_full_name","ssr_history","0","0","0"
"meas.ssr_history_owner_group","ssr_history","0","0","0"
"meas.ssr_history_pipeline_amt_user_eop_avg","ssr_history","0","0","0"
"meas.ssr_history_pipeline_post_sales_amt","ssr_history","0","0","0"
"meas.ssr_history_pipeline_post_sales_expansion_sale_amt","ssr_history","0","0","0"
"meas.ssr_history_pipeline_post_sales_renewals_amt","ssr_history","0","0","0"
"meas.ssr_history_pipeline_prospecting_amt","ssr_history","0","0","0"
"meas.ssr_history_propensity_high_count","ssr_history","0","0","0"
"meas.ssr_history_propensity_highest_count","ssr_history","0","0","0"
"meas.ssr_history_propensity_low_count","ssr_history","0","0","0"
"meas.ssr_history_propensity_lowest_count","ssr_history","0","0","0"
"meas.ssr_history_propensity_mid_count","ssr_history","0","0","0"
"meas.ssr_history_rep_users_avg","ssr_history","0","0","0"
"meas.ssr_history_reps_mtd","ssr_history","0","0","0"
"meas.ssr_history_reps_new_logo","ssr_history","0","0","0"
"meas.ssr_history_rev_acct_ltv","ssr_history","0","0","0"
"meas.ssr_history_rev_avg_won_amt_existing_customer_selling","ssr_history","0","0","0"
"meas.ssr_history_rev_avg_won_amt_new_logo","ssr_history","0","0","0"
"meas.ssr_history_rev_cagr","ssr_history","0","0","0"
"meas.ssr_history_rev_churned_avg_age_months","ssr_history","0","0","0"
"meas.ssr_history_rev_churned_rate","ssr_history","0","0","0"
"meas.ssr_history_rev_ending_avg_acct_amt","ssr_history","0","0","0"
"meas.ssr_history_rev_ending_max_acct_amt","ssr_history","0","0","0"
"meas.ssr_history_rev_new_growth_rate","ssr_history","0","0","0"
"meas.ssr_history_rev_pareto_percentage_remaining","ssr_history","0","0","0"
"meas.ssr_history_rev_period_growth_rate","ssr_history","0","0","0"
"meas.ssr_history_rev_prev_date","ssr_history","0","0","0"
"meas.ssr_history_rev_retained_amt","ssr_history","0","0","0"
"meas.ssr_history_rev_retained_avg_acct_age","ssr_history","0","0","0"
"meas.ssr_history_rev_retained_avg_acct_amt","ssr_history","0","0","0"
"meas.ssr_history_rev_retained_count","ssr_history","0","0","0"
"meas.ssr_history_rev_retention_rate","ssr_history","0","0","0"
"meas.ssr_history_rev_starting_amount","ssr_history","0","0","0"
"meas.ssr_history_rev_starting_count","ssr_history","0","0","0"
"meas.ssr_history_row_filler","ssr_history","0","0","0"
"meas.ssr_history_sales_engineer_success_prob_avg","ssr_history","0","0","0"
"meas.ssr_history_sales_leads_probability_of_conversion_text","ssr_history","0","0","0"
"meas.ssr_history_sel_date_card_count","ssr_history","0","0","0"
"meas.ssr_history_sel_date_count","ssr_history","0","0","0"
"meas.ssr_history_sel_date_count2","ssr_history","0","0","0"
"meas.ssr_history_sel_date_count3","ssr_history","0","0","0"
"meas.ssr_history_sel_date_count4","ssr_history","0","0","0"
"meas.ssr_history_sel_date_most_recent_start_date","ssr_history","0","0","0"
"meas.ssr_history_sel_date_pipeline_generated","ssr_history","0","0","0"
"meas.ssr_history_stakeholders_most_common_first_act","ssr_history","0","0","0"
"meas.ssr_history_stakeholders_title_function_most_common","ssr_history","0","0","0"
"meas.ssr_history_stakeholders_title_function_most_common_portion","ssr_history","0","0","0"
"meas.ssr_history_stakeholders_title_function_second_common","ssr_history","0","0","0"
"meas.ssr_history_stakeholders_title_function_second_common_portion","ssr_history","0","0","0"
"meas.ssr_history_stakeholders_title_level__most_common_highest","ssr_history","0","0","0"
"meas.ssr_history_stakeholders_title_level__most_common_highest_portion","ssr_history","0","0","0"
"meas.ssr_history_stakeholders_title_level_most_common","ssr_history","0","0","0"
"meas.ssr_history_stakeholders_title_level_most_common_portion","ssr_history","0","0","0"
"meas.ssr_history_stakeholders_title_level_second_common","ssr_history","0","0","0"
"meas.ssr_history_stakeholders_title_level_second_common_portion","ssr_history","0","0","0"
"meas.ssr_history_step_count_prospecting","ssr_history","0","0","0"
"meas.ssr_history_step_count_sply","ssr_history","0","0","0"
"meas.ssr_history_step_count_sply_diff","ssr_history","0","0","0"
"meas.ssr_history_step_cycle_avg_failure","ssr_history","0","0","0"
"meas.ssr_history_step_cycle_avg_success","ssr_history","0","0","0"
"meas.ssr_history_step_cycle_initially_expected","ssr_history","0","0","0"
"meas.ssr_history_step_outcome","ssr_history","0","0","0"
"meas.ssr_history_step_owner_full_name_with_acl","ssr_history","0","0","0"
"meas.ssr_history_step_post_sales_count","ssr_history","0","0","0"
"meas.ssr_history_step_success_count_false","ssr_history","0","0","0"
"meas.ssr_history_step_success_count_true","ssr_history","0","0","0"
"meas.ssr_history_step_success_prob","ssr_history","0","0","0"
"meas.ssr_history_step_users_tot","ssr_history","0","0","0"
"meas.ssr_history_success_count_for_new_logo_and_existing_customer_selling","ssr_history","0","0","0"
"meas.ssr_history_success_count_new_logo_pros","ssr_history","0","0","0"
"meas.ssr_history_success_count_post_sales","ssr_history","0","0","0"
"meas.ssr_history_success_count_prospecting_inbound","ssr_history","0","0","0"
"meas.ssr_history_success_count_untouched","ssr_history","0","0","0"
"meas.ssr_history_success_prob_avg_combined_post_sales_existing_customer_selling","ssr_history","0","0","0"
"meas.ssr_history_success_prob_avg_combined_prospecting_new_logo","ssr_history","0","0","0"
"meas.ssr_history_success_prob_avg_combined_prospecting_post_sales_support_sply","ssr_history","0","0","0"
"meas.ssr_history_success_prob_avg_existing_customer_selling","ssr_history","0","0","0"
"meas.ssr_history_success_prob_avg_new_logo","ssr_history","0","0","0"
"meas.ssr_history_success_prob_avg_post_sales","ssr_history","0","0","0"
"meas.ssr_history_success_prob_leadgen_conversion_rate","ssr_history","0","0","0"
"meas.ssr_history_success_rate_combined_new_logo_and_existing_customer_selling","ssr_history","0","0","0"
"meas.ssr_history_success_rate_combined_post_sales_existing_customer_selling","ssr_history","0","0","0"
"meas.ssr_history_success_rate_combined_prospecting_new_logo","ssr_history","0","0","0"
"meas.ssr_history_success_rate_mkt_prospecting_inbound","ssr_history","0","0","0"
"meas.ssr_history_success_rate_prospecting_inbound","ssr_history","0","0","0"
"meas.ssr_history_success_rate_sply_diff","ssr_history","0","0","0"
"meas.ssr_history_success_rate_untouched","ssr_history","0","0","0"
"meas.ssr_history_sum_opp_cross_sale_amt","ssr_history","0","0","0"
"meas.ssr_history_sum_opp_downgrade_amt","ssr_history","0","0","0"
"meas.ssr_history_sum_opp_expansion_amt","ssr_history","0","0","0"
"meas.ssr_history_sum_opp_nd_amt","ssr_history","0","0","0"
"meas.ssr_history_sum_opp_one_time_amt","ssr_history","0","0","0"
"meas.ssr_history_sum_opp_renewal_amt","ssr_history","0","0","0"
"meas.ssr_history_table_row_count","ssr_history","0","0","0"
"meas.ssr_history_target_abandoned_acct_count_mtd_sply_diff","ssr_history","0","0","0"
"meas.ssr_history_target_abandoned_acct_count_qtd_sply_diff","ssr_history","0","0","0"
"meas.ssr_history_target_abandoned_acct_count_ytd_sply_diff","ssr_history","0","0","0"
"meas.ssr_history_target_acct_count","ssr_history","0","0","0"
"meas.ssr_history_target_acct_count_mtd_sply_diff","ssr_history","0","0","0"
"meas.ssr_history_target_acct_count_qtd_sply_diff","ssr_history","0","0","0"
"meas.ssr_history_target_acct_count_ytd_sply_diff","ssr_history","0","0","0"
"meas.ssr_history_target_acct_eng_time_spent_mtd","ssr_history","0","0","0"
"meas.ssr_history_target_acct_eng_time_spent_mtd_sply","ssr_history","0","0","0"
"meas.ssr_history_target_acct_eng_time_spent_mtd_sply_dif","ssr_history","0","0","0"
"meas.ssr_history_target_acct_eng_time_spent_qtd","ssr_history","0","0","0"
"meas.ssr_history_target_acct_eng_time_spent_qtd_sply","ssr_history","0","0","0"
"meas.ssr_history_target_acct_eng_time_spent_qtd_sply_dif","ssr_history","0","0","0"
"meas.ssr_history_target_acct_eng_time_spent_ytd","ssr_history","0","0","0"
"meas.ssr_history_target_acct_eng_time_spent_ytd_sply","ssr_history","0","0","0"
"meas.ssr_history_target_acct_eng_time_spent_ytd_sply_dif","ssr_history","0","0","0"
"meas.ssr_history_target_acct_time_spent_mtd","ssr_history","0","0","0"
"meas.ssr_history_target_acct_time_spent_mtd_sply","ssr_history","0","0","0"
"meas.ssr_history_target_acct_time_spent_mtd_sply_dif","ssr_history","0","0","0"
"meas.ssr_history_target_acct_time_spent_qtd","ssr_history","0","0","0"
"meas.ssr_history_target_acct_time_spent_qtd_sply","ssr_history","0","0","0"
"meas.ssr_history_target_acct_time_spent_qtd_sply_dif","ssr_history","0","0","0"
"meas.ssr_history_target_acct_time_spent_ytd","ssr_history","0","0","0"
"meas.ssr_history_target_acct_time_spent_ytd_sply","ssr_history","0","0","0"
"meas.ssr_history_target_acct_time_spent_ytd_sply_dif","ssr_history","0","0","0"
"meas.ssr_history_target_converted_acct_count_mtd_sply_diff","ssr_history","0","0","0"
"meas.ssr_history_target_converted_acct_count_qtd_sply_diff","ssr_history","0","0","0"
"meas.ssr_history_target_converted_acct_count_ytd_sply_diff","ssr_history","0","0","0"
"meas.ssr_history_target_disqualified_acct_count_mtd_sply_diff","ssr_history","0","0","0"
"meas.ssr_history_target_disqualified_acct_count_qtd_sply_diff","ssr_history","0","0","0"
"meas.ssr_history_target_disqualified_acct_count_ytd_sply_diff","ssr_history","0","0","0"
"meas.ssr_history_target_engagement_rate","ssr_history","0","0","0"
"meas.ssr_history_target_filter_screen","ssr_history","0","0","0"
"meas.ssr_history_target_latest_outcome","ssr_history","0","0","0"
"meas.ssr_history_target_propensity","ssr_history","0","0","0"
"meas.ssr_history_target_screen_step_outcome","ssr_history","0","0","0"
"meas.ssr_history_target_stkhlds_tot_count","ssr_history","0","0","0"
"meas.ssr_history_time_effort_conf","ssr_history","0","0","0"
"meas.ssr_history_time_effort_src","ssr_history","0","0","0"
"meas.ssr_history_top_250_leads","ssr_history","0","0","0"
"meas.ssr_history_total_all_dur_hrs","ssr_history","0","0","0"
"meas.ssr_history_touched_accounts_rate","ssr_history","0","0","0"
"meas.ssr_history_unique_reps_avg_count","ssr_history","0","0","0"
"meas.ssr_history_unique_reps_count_prospecting","ssr_history","0","0","0"
"meas.ssr_history_unsuccessful_count","ssr_history","0","0","0"
"meas.ssr_history_vi_value_created_per_hr","ssr_history","0","0","0"
"meas.ssr_history_vi_value_created_per_rep","ssr_history","0","0","0"
"meas.ssr_history_win_rate_diff","ssr_history","0","0","0"
"meas.ssr_history_won_amt_diff","ssr_history","0","0","0"
"meas.ssr_history_won_amt_sply_diff","ssr_history","0","0","0"
"meas.ssr_history_won_count_diff","ssr_history","0","0","0"
"meas.ssr_leads_time_to_touch_days","ssr_history","0","0","0"
"meas.ssr_open_lead_crm_leadsource","ssr_history","0","0","0"
"meas.ssr_open_leads_accts_name","ssr_history","0","0","0"
"meas.ssr_open_leads_accts_potential_acv","ssr_history","0","0","0"
"meas.ssr_open_leads_avg_prediction_conv_rate","ssr_history","0","0","0"
"meas.ssr_open_leads_count","ssr_history","0","0","0"
"meas.ssr_open_trueai_industry","ssr_history","0","0","0"
"meas.ssr_total_abandoned_leads_count","ssr_history","0","0","0"
"meas.ssr_total_ignored_leads_count","ssr_history","0","0","0"
"meas.ssr_total_open_leads_count","ssr_history","0","0","0"
"meas.ssr_total_untouched_leads_count","ssr_history","0","0","0"
"meas.step_outcome","ssr_history","0","0","0"
"meas.step_owner_group","ssr_history","0","0","0"
"meas.step_owner_user_role_aliased","ssr_history","0","0","0"
"meas.step_users_total","ssr_history","0","0","0"
"meas.stkhlds_all_act_counts","ssr_history","0","0","0"
"meas.stkhlds_all_act_eng_counts","ssr_history","0","0","0"
"meas.stkhlds_all_contacts_count","ssr_history","0","0","0"
"meas.stkhlds_all_first_act","ssr_history","0","0","0"
"meas.stkhlds_all_last_act","ssr_history","0","0","0"
"meas.stkhlds_all_last_act_days","ssr_history","0","0","0"
"meas.stkhlds_all_last_eng","ssr_history","0","0","0"
"meas.stkhlds_all_non_eng_counts","ssr_history","0","0","0"
"meas.stkhlds_primary_contact_card_title","ssr_history","0","0","0"
"meas.stkhlds_primary_contact_first_eng","ssr_history","0","0","0"
"meas.stkhlds_primary_contact_last_act","ssr_history","0","0","0"
"meas.stkhlds_primary_contact_last_eng","ssr_history","0","0","0"
"meas.stkhlds_primary_contact_seniority","ssr_history","0","0","0"
"meas.stkhlds_primary_contact_title_department","ssr_history","0","0","0"
"meas.stkhlds_primary_contact_title_seniority","ssr_history","0","0","0"
"meas.stkhlds_primary_full_name","ssr_history","0","0","0"
"meas.stkhlds_primary_last_act","ssr_history","0","0","0"
"meas.stkhlds_seconary_contact_title","ssr_history","0","0","0"
"meas.stkhlds_secondary_contact_card_title","ssr_history","0","0","0"
"meas.stkhlds_secondary_contact_first_act","ssr_history","0","0","0"
"meas.stkhlds_secondary_contact_first_eng","ssr_history","0","0","0"
"meas.stkhlds_secondary_contact_last_act","ssr_history","0","0","0"
"meas.stkhlds_secondary_contact_last_eng","ssr_history","0","0","0"
"meas.stkhlds_secondary_contact_title_department","ssr_history","0","0","0"
"meas.stkhlds_secondary_contact_title_seniority","ssr_history","0","0","0"
"meas.stkhlds_secondary_full_name","ssr_history","0","0","0"
"meas.stkhlds_secondary_last_act","ssr_history","0","0","0"
"meas.ta_ssr_history_all_activity_engagement_rate","ssr_history","0","0","0"
"meas.ta_ssr_history_all_email_engagement_rate","ssr_history","0","0","0"
"meas.ta_ssr_history_all_meeting_engagement_rate","ssr_history","0","0","0"
"meas.ta_ssr_history_all_phone_call_engagement_rate","ssr_history","0","0","0"
"meas.ta_ssr_history_all_social_media_engagement_rate","ssr_history","0","0","0"
"meas.test_done.average_duration_hrs","ssr_history","0","0","0"
"meas.tot_lost_amt_opps","ssr_history","0","0","0"
"meas.tot_pushed_pulled_close_date","ssr_history","0","0","0"
"meas.tot_won_amt_opps","ssr_history","0","0","0"
"meas.total_opps_count_dist","ssr_history","0","0","0"
"meas.total_opps_won_amt","ssr_history","0","0","0"
"meas.total_won_opps","ssr_history","0","0","0"
"meas.trueai_addr_city","ssr_history","0","0","0"
"meas.trueai_addr_state","ssr_history","0","0","0"
"meas.trueai_company_size","ssr_history","0","0","0"
"meas.trueai_curr_acv","ssr_history","0","0","0"
"meas.trueai_first_purchase","ssr_history","0","0","0"
"meas.trueai_leadsource_name","ssr_history","0","0","0"
"meas.trueai_propensity","ssr_history","0","0","0"
"meas.user_history_active_hire_date","ssr_history","0","0","0"
"meas.users_overview_avg_pred_conv_rate_diff","ssr_history","0","0","0"
"meas.users_overview_win_rate_diff","ssr_history","0","0","0"
"meas.users_spent_weekly_avg_non_eng_dur_hr_mtd","ssr_history","0","0","0"
"meas.users_weekly_avg_eng_rate_mtd","ssr_history","0","0","0"
"meas.users_weekly_avg_eng_rate_qtd","ssr_history","0","0","0"
"meas.users_weekly_avg_eng_rate_ytd","ssr_history","0","0","0"
"meas.users_weekly_avg_non_eng_dur_hr_mtd","ssr_history","0","0","0"
"meas.users_weekly_avg_non_eng_dur_hr_qtd","ssr_history","0","0","0"
"meas.users_weekly_avg_non_eng_dur_hr_ytd","ssr_history","0","0","0"
"meas.users_weekly_existing_customer_selling_avg_dur_hr_mtd","ssr_history","0","0","0"
"meas.users_weekly_existing_customer_selling_avg_dur_hr_mtd_sply","ssr_history","0","0","0"
"meas.users_weekly_existing_customer_selling_avg_dur_hr_qtd","ssr_history","0","0","0"
"meas.users_weekly_existing_customer_selling_avg_dur_hr_qtd_sply","ssr_history","0","0","0"
"meas.users_weekly_existing_customer_selling_avg_dur_hr_ytd","ssr_history","0","0","0"
"meas.users_weekly_existing_customer_selling_avg_dur_hr_ytd_sply","ssr_history","0","0","0"
"meas.users_weekly_internal_avg_dur_hr_mtd","ssr_history","0","0","0"
"meas.users_weekly_internal_avg_dur_hr_mtd_sply","ssr_history","0","0","0"
"meas.users_weekly_internal_avg_dur_hr_qtd","ssr_history","0","0","0"
"meas.users_weekly_internal_avg_dur_hr_qtd_sply","ssr_history","0","0","0"
"meas.users_weekly_internal_avg_dur_hr_ytd","ssr_history","0","0","0"
"meas.users_weekly_internal_avg_dur_hr_ytd_sply","ssr_history","0","0","0"
"meas.users_weekly_new_logo_avg_dur_hr_mtd","ssr_history","0","0","0"
"meas.users_weekly_new_logo_avg_dur_hr_mtd_sply","ssr_history","0","0","0"
"meas.users_weekly_new_logo_avg_dur_hr_qtd","ssr_history","0","0","0"
"meas.users_weekly_new_logo_avg_dur_hr_qtd_sply","ssr_history","0","0","0"
"meas.users_weekly_new_logo_avg_dur_hr_ytd","ssr_history","0","0","0"
"meas.users_weekly_new_logo_avg_dur_hr_ytd_sply","ssr_history","0","0","0"
"meas.users_weekly_post_sales_avg_dur_hr_mtd","ssr_history","0","0","0"
"meas.users_weekly_post_sales_avg_dur_hr_mtd_sply","ssr_history","0","0","0"
"meas.users_weekly_post_sales_avg_dur_hr_qtd","ssr_history","0","0","0"
"meas.users_weekly_post_sales_avg_dur_hr_qtd_sply","ssr_history","0","0","0"
"meas.users_weekly_post_sales_avg_dur_hr_ytd","ssr_history","0","0","0"
"meas.users_weekly_post_sales_avg_dur_hr_ytd_sply","ssr_history","0","0","0"
"meas.users_weekly_prospecting_avg_dur_hr_mtd","ssr_history","0","0","0"
"meas.users_weekly_prospecting_avg_dur_hr_mtd_sply","ssr_history","0","0","0"
"meas.users_weekly_prospecting_avg_dur_hr_qtd","ssr_history","0","0","0"
"meas.users_weekly_prospecting_avg_dur_hr_qtd_sply","ssr_history","0","0","0"
"meas.users_weekly_prospecting_avg_dur_hr_ytd","ssr_history","0","0","0"
"meas.users_weekly_prospecting_avg_dur_hr_ytd_sply","ssr_history","0","0","0"
"meas.ytd_sales","ssr_history","0","0","0"
"OLD.meas.ssr_history_duration_hrs_per_step","ssr_history","0","0","0"
